#
# There is insufficient memory for the Java Runtime Environment to continue.
# Native memory allocation (malloc) failed to allocate 1871192 bytes. Error detail: Chunk::new
# Possible reasons:
#   The system is out of physical RAM or swap space
#   This process is running with CompressedOops enabled, and the Java Heap may be blocking the growth of the native heap
# Possible solutions:
#   Reduce memory load on the system
#   Increase physical memory or swap space
#   Check if swap backing store is full
#   Decrease Java heap size (-Xmx/-Xms)
#   Decrease number of Java threads
#   Decrease Java thread stack sizes (-Xss)
#   Set larger code cache with -XX:ReservedCodeCacheSize=
#   JVM is running with Unscaled Compressed Oops mode in which the Java heap is
#     placed in the first 4GB address space. The Java Heap base address is the
#     maximum limit for the native heap growth. Please use -XX:HeapBaseMinAddress
#     to set the Java Heap base and to place the Java Heap above 4GB virtual address.
# This output file may be truncated or incomplete.
#
#  Out of Memory Error (arena.cpp:186), pid=12972, tid=2604
#
# JRE version: OpenJDK Runtime Environment (25.0.2) (build 25.0.2+-15348964-b329.117)
# Java VM: OpenJDK 64-Bit Server VM (25.0.2+-15348964-b329.117, mixed mode, tiered, compressed oops, compressed class ptrs, g1 gc, windows-amd64)
# No core dump will be written. Minidumps are not enabled by default on client versions of Windows
#

---------------  S U M M A R Y ------------

Command Line: --add-opens=java.base/java.lang=ALL-UNNAMED --add-opens=java.base/java.lang.invoke=ALL-UNNAMED --add-opens=java.base/java.util=ALL-UNNAMED --add-opens=java.prefs/java.util.prefs=ALL-UNNAMED --add-exports=jdk.compiler/com.sun.tools.javac.api=ALL-UNNAMED --add-exports=jdk.compiler/com.sun.tools.javac.util=ALL-UNNAMED --add-opens=java.base/java.nio.charset=ALL-UNNAMED --add-opens=java.base/java.net=ALL-UNNAMED --add-opens=java.base/java.util.concurrent=ALL-UNNAMED --add-opens=java.base/java.util.concurrent.atomic=ALL-UNNAMED --add-opens=java.xml/javax.xml.namespace=ALL-UNNAMED --add-opens=java.base/java.time=ALL-UNNAMED --enable-native-access=ALL-UNNAMED -Xmx2048m -Dfile.encoding=UTF-8 -Duser.country=ID -Duser.language=en -Duser.variant -javaagent:C:\Users\USER\.gradle\wrapper\dists\gradle-9.5.0-bin\bvnork1r7n8i6kp5cnkibsc9q\gradle-9.5.0\lib\agents\gradle-instrumentation-agent-9.5.0.jar org.gradle.launcher.daemon.bootstrap.GradleDaemon 9.5.0

Host: 11th Gen Intel(R) Core(TM) i5-1135G7 @ 2.40GHz, 8 cores, 7G,  Windows 11 , 64 bit Build 26100 (10.0.26100.5074)
Time: Mon Sep  7 10:56:47 2026 SE Asia Standard Time elapsed time: 32.656850 seconds (0d 0h 0m 32s)

---------------  T H R E A D  ---------------

Current thread (0x000001b27baf04b0):  JavaThread "C2 CompilerThread0" daemon [_thread_in_native, id=2604, stack(0x0000001ceeb00000,0x0000001ceec00000) (1024K)]


Current CompileTask:
C2:32656 10782       4       org.gradle.internal.service.DefaultServiceRegistry$OwnServices::getService (317 bytes)

Stack: [0x0000001ceeb00000,0x0000001ceec00000]
Native frames: (J=compiled Java code, j=interpreted, Vv=VM code, C=native code)
V  [jvm.dll+0x7bd439]  (no source info available)
V  [jvm.dll+0x78763d]  (no source info available)
V  [jvm.dll+0xa0c885]  (no source info available)
V  [jvm.dll+0xa0ef04]  (no source info available)
V  [jvm.dll+0xa0f603]  (no source info available)
V  [jvm.dll+0x309bf6]  (no source info available)
V  [jvm.dll+0x10ea69]  (no source info available)
V  [jvm.dll+0x10ed92]  (no source info available)
V  [jvm.dll+0x1a9837]  (no source info available)
V  [jvm.dll+0x3bec92]  (no source info available)
V  [jvm.dll+0x7c2cb7]  (no source info available)
V  [jvm.dll+0x2ce046]  (no source info available)
V  [jvm.dll+0x2cd221]  (no source info available)
V  [jvm.dll+0x242ffa]  (no source info available)
V  [jvm.dll+0x2dcc05]  (no source info available)
V  [jvm.dll+0x2dae06]  (no source info available)
V  [jvm.dll+0x49b59e]  (no source info available)
V  [jvm.dll+0x9ab9c8]  (no source info available)
V  [jvm.dll+0x7bb985]  (no source info available)
C  [ucrtbase.dll+0x37b0]  (no source info available)
C  [KERNEL32.DLL+0x2e8d7]  (no source info available)
C  [ntdll.dll+0x8d9c]  (no source info available)

Lock stack of current Java thread (top to bottom):


---------------  P R O C E S S  ---------------

Threads class SMR info:
_java_thread_list=0x000001b2084d1810, length=53, elements={
0x000001b263ebe5a0, 0x000001b27bac1f30, 0x000001b27badf2d0, 0x000001b27badfe90,
0x000001b27baead40, 0x000001b27baebd00, 0x000001b27baec8c0, 0x000001b27baef5c0,
0x000001b27baf04b0, 0x000001b27bb04ce0, 0x000001b20432a6a0, 0x000001b2067dab20,
0x000001b206ef0080, 0x000001b20662dfa0, 0x000001b20662a7b0, 0x000001b20662b500,
0x000001b2067aa630, 0x000001b206b42020, 0x000001b206b427f0, 0x000001b206b42fc0,
0x000001b206b3f910, 0x000001b206b44f00, 0x000001b208bd4160, 0x000001b208bd4930,
0x000001b208bd3990, 0x000001b208bd7040, 0x000001b208bd5100, 0x000001b208bd87b0,
0x000001b27bb0ed20, 0x000001b20860bb20, 0x000001b20860b350, 0x000001b208609410,
0x000001b20860d290, 0x000001b20860a3b0, 0x000001b20860c2f0, 0x000001b20860da60,
0x000001b20860e230, 0x000001b208d5f540, 0x000001b208d62bf0, 0x000001b208d63b90,
0x000001b208d60cb0, 0x000001b207b1f9f0, 0x000001b207b21930, 0x000001b207b201c0,
0x000001b207b22100, 0x000001b207b26750, 0x000001b207b24fe0, 0x000001b207b25f80,
0x000001b209326eb0, 0x000001b209328620, 0x000001b209328df0, 0x000001b20932d440,
0x000001b2127d2690
}

Java Threads: ( => current thread )
  0x000001b263ebe5a0 JavaThread "main"                              [_thread_blocked, id=13344, stack(0x0000001cedc00000,0x0000001cedd00000) (1024K)]
  0x000001b27bac1f30 JavaThread "Common-Cleaner"             daemon [_thread_blocked, id=12768, stack(0x0000001cee400000,0x0000001cee500000) (1024K)]
  0x000001b27badf2d0 JavaThread "Reference Handler"          daemon [_thread_blocked, id=17232, stack(0x0000001cee500000,0x0000001cee600000) (1024K)]
  0x000001b27badfe90 JavaThread "Finalizer"                  daemon [_thread_blocked, id=21520, stack(0x0000001cee600000,0x0000001cee700000) (1024K)]
  0x000001b27baead40 JavaThread "Signal Dispatcher"          daemon [_thread_blocked, id=22444, stack(0x0000001cee700000,0x0000001cee800000) (1024K)]
  0x000001b27baebd00 JavaThread "Attach Listener"            daemon [_thread_blocked, id=14216, stack(0x0000001cee800000,0x0000001cee900000) (1024K)]
  0x000001b27baec8c0 JavaThread "Service Thread"             daemon [_thread_blocked, id=21932, stack(0x0000001cee900000,0x0000001ceea00000) (1024K)]
  0x000001b27baef5c0 JavaThread "Monitor Deflation Thread"   daemon [_thread_blocked, id=19244, stack(0x0000001ceea00000,0x0000001ceeb00000) (1024K)]
=>0x000001b27baf04b0 JavaThread "C2 CompilerThread0"         daemon [_thread_in_native, id=2604, stack(0x0000001ceeb00000,0x0000001ceec00000) (1024K)]
  0x000001b27bb04ce0 JavaThread "C1 CompilerThread0"         daemon [_thread_blocked, id=6860, stack(0x0000001ceec00000,0x0000001ceed00000) (1024K)]
  0x000001b20432a6a0 JavaThread "Notification Thread"        daemon [_thread_blocked, id=15036, stack(0x0000001ceed00000,0x0000001ceee00000) (1024K)]
  0x000001b2067dab20 JavaThread "Daemon health stats"               [_thread_blocked, id=5104, stack(0x0000001cef300000,0x0000001cef400000) (1024K)]
  0x000001b206ef0080 JavaThread "Incoming local TCP Connector on port 61944"        [_thread_in_native, id=11884, stack(0x0000001cef700000,0x0000001cef800000) (1024K)]
  0x000001b20662dfa0 JavaThread "Daemon periodic checks"            [_thread_blocked, id=20852, stack(0x0000001cef900000,0x0000001cefa00000) (1024K)]
  0x000001b20662a7b0 JavaThread "Daemon"                            [_thread_blocked, id=4612, stack(0x0000001cefa00000,0x0000001cefb00000) (1024K)]
  0x000001b20662b500 JavaThread "Handler for socket connection from /127.0.0.1:61944 to /127.0.0.1:61945"        [_thread_in_native, id=14528, stack(0x0000001cefb00000,0x0000001cefc00000) (1024K)]
  0x000001b2067aa630 JavaThread "Cancel handler"                    [_thread_blocked, id=11628, stack(0x0000001cefc00000,0x0000001cefd00000) (1024K)]
  0x000001b206b42020 JavaThread "Daemon worker"                     [_thread_in_vm, id=17944, stack(0x0000001cefd00000,0x0000001cefe00000) (1024K)]
  0x000001b206b427f0 JavaThread "Asynchronous log dispatcher for DefaultDaemonConnection: socket connection from /127.0.0.1:61944 to /127.0.0.1:61945"        [_thread_blocked, id=8068, stack(0x0000001cefe00000,0x0000001ceff00000) (1024K)]
  0x000001b206b42fc0 JavaThread "Stdin handler"                     [_thread_blocked, id=18076, stack(0x0000001ceff00000,0x0000001cf0000000) (1024K)]
  0x000001b206b3f910 JavaThread "Daemon client event forwarder"        [_thread_blocked, id=4576, stack(0x0000001cf0000000,0x0000001cf0100000) (1024K)]
  0x000001b206b44f00 JavaThread "Cache worker for journal cache (C:\Users\USER\.gradle\caches\journal-1)"        [_thread_blocked, id=15400, stack(0x0000001cf0100000,0x0000001cf0200000) (1024K)]
  0x000001b208bd4160 JavaThread "File lock request listener"        [_thread_in_native, id=13148, stack(0x0000001cf0200000,0x0000001cf0300000) (1024K)]
  0x000001b208bd4930 JavaThread "Cache worker for file hash cache (C:\Users\USER\.gradle\caches\9.5.0\fileHashes)"        [_thread_blocked, id=16284, stack(0x0000001cf0300000,0x0000001cf0400000) (1024K)]
  0x000001b208bd3990 JavaThread "File lock release action executor"        [_thread_blocked, id=13632, stack(0x0000001cf0400000,0x0000001cf0500000) (1024K)]
  0x000001b208bd7040 JavaThread "Cache worker for file hash cache (D:\MyApplication2\.gradle\9.5.0\fileHashes)"        [_thread_blocked, id=12124, stack(0x0000001cef600000,0x0000001cef700000) (1024K)]
  0x000001b208bd5100 JavaThread "Cache worker for Build Output Cleanup Cache (D:\MyApplication2\.gradle\buildOutputCleanup)"        [_thread_blocked, id=12212, stack(0x0000001cf0600000,0x0000001cf0700000) (1024K)]
  0x000001b208bd87b0 JavaThread "File watcher server"        daemon [_thread_in_native, id=5436, stack(0x0000001cf0500000,0x0000001cf0600000) (1024K)]
  0x000001b27bb0ed20 JavaThread "File watcher consumer"      daemon [_thread_blocked, id=4496, stack(0x0000001cf0700000,0x0000001cf0800000) (1024K)]
  0x000001b20860bb20 JavaThread "jar transforms"                    [_thread_blocked, id=13536, stack(0x0000001cf0800000,0x0000001cf0900000) (1024K)]
  0x000001b20860b350 JavaThread "jar transforms Thread 2"           [_thread_blocked, id=17740, stack(0x0000001cf0900000,0x0000001cf0a00000) (1024K)]
  0x000001b208609410 JavaThread "jar transforms Thread 3"           [_thread_blocked, id=8004, stack(0x0000001cf0a00000,0x0000001cf0b00000) (1024K)]
  0x000001b20860d290 JavaThread "jar transforms Thread 4"           [_thread_blocked, id=10548, stack(0x0000001cf0b00000,0x0000001cf0c00000) (1024K)]
  0x000001b20860a3b0 JavaThread "jar transforms Thread 5"           [_thread_blocked, id=9548, stack(0x0000001cf0c00000,0x0000001cf0d00000) (1024K)]
  0x000001b20860c2f0 JavaThread "jar transforms Thread 6"           [_thread_blocked, id=21536, stack(0x0000001cf0d00000,0x0000001cf0e00000) (1024K)]
  0x000001b20860da60 JavaThread "jar transforms Thread 7"           [_thread_blocked, id=5272, stack(0x0000001cf0e00000,0x0000001cf0f00000) (1024K)]
  0x000001b20860e230 JavaThread "jar transforms Thread 8"           [_thread_blocked, id=15776, stack(0x0000001cf0f00000,0x0000001cf1000000) (1024K)]
  0x000001b208d5f540 JavaThread "Cache worker for file content cache (C:\Users\USER\.gradle\caches\9.5.0\fileContent)"        [_thread_blocked, id=18856, stack(0x0000001cf1000000,0x0000001cf1100000) (1024K)]
  0x000001b208d62bf0 JavaThread "Cache worker for checksums cache (D:\MyApplication2\.gradle\9.5.0\checksums)"        [_thread_blocked, id=2172, stack(0x0000001cf1100000,0x0000001cf1200000) (1024K)]
  0x000001b208d63b90 JavaThread "Cache worker for cache directory md-supplier (C:\Users\USER\.gradle\caches\9.5.0\md-supplier)"        [_thread_blocked, id=20368, stack(0x0000001cf1300000,0x0000001cf1400000) (1024K)]
  0x000001b208d60cb0 JavaThread "Cache worker for cache directory md-rule (C:\Users\USER\.gradle\caches\9.5.0\md-rule)"        [_thread_blocked, id=2820, stack(0x0000001cf1400000,0x0000001cf1500000) (1024K)]
  0x000001b207b1f9f0 JavaThread "Build operations"                  [_thread_blocked, id=5864, stack(0x0000001cf1200000,0x0000001cf1300000) (1024K)]
  0x000001b207b21930 JavaThread "Build operations Thread 2"         [_thread_blocked, id=20620, stack(0x0000001cf1500000,0x0000001cf1600000) (1024K)]
  0x000001b207b201c0 JavaThread "Build operations Thread 3"         [_thread_blocked, id=608, stack(0x0000001cf1600000,0x0000001cf1700000) (1024K)]
  0x000001b207b22100 JavaThread "Build operations Thread 4"         [_thread_blocked, id=22164, stack(0x0000001cf1700000,0x0000001cf1800000) (1024K)]
  0x000001b207b26750 JavaThread "Build operations Thread 5"         [_thread_blocked, id=13540, stack(0x0000001cf1900000,0x0000001cf1a00000) (1024K)]
  0x000001b207b24fe0 JavaThread "Build operations Thread 6"         [_thread_blocked, id=13184, stack(0x0000001cf1a00000,0x0000001cf1b00000) (1024K)]
  0x000001b207b25f80 JavaThread "Build operations Thread 7"         [_thread_blocked, id=2620, stack(0x0000001cf1b00000,0x0000001cf1c00000) (1024K)]
  0x000001b209326eb0 JavaThread "Build operations Thread 8"         [_thread_blocked, id=6512, stack(0x0000001cf1c00000,0x0000001cf1d00000) (1024K)]
  0x000001b209328620 JavaThread "DefaultDispatcher-worker-1" daemon [_thread_blocked, id=8284, stack(0x0000001cf1800000,0x0000001cf1900000) (1024K)]
  0x000001b209328df0 JavaThread "DefaultDispatcher-worker-2" daemon [_thread_blocked, id=6188, stack(0x0000001cf1d00000,0x0000001cf1e00000) (1024K)]
  0x000001b20932d440 JavaThread "DefaultDispatcher-worker-3" daemon [_thread_blocked, id=13004, stack(0x0000001cf1e00000,0x0000001cf1f00000) (1024K)]
  0x000001b2127d2690 JavaThread "C2 CompilerThread1"         daemon [_thread_in_native, id=13280, stack(0x0000001ceda00000,0x0000001cedb00000) (1024K)]
Total: 53

Other Threads:
  0x000001b27ba95540 VMThread "VM Thread"                           [id=2236, stack(0x0000001cee300000,0x0000001cee400000) (1024K)]
  0x000001b27ba56a40 WatcherThread "VM Periodic Task Thread"        [id=13720, stack(0x0000001cee200000,0x0000001cee300000) (1024K)]
  0x000001b263f16f50 WorkerThread "GC Thread#0"                     [id=21804, stack(0x0000001cedd00000,0x0000001cede00000) (1024K)]
  0x000001b2053de6d0 WorkerThread "GC Thread#1"                     [id=19116, stack(0x0000001ceee00000,0x0000001ceef00000) (1024K)]
  0x000001b2054880b0 WorkerThread "GC Thread#2"                     [id=12832, stack(0x0000001ceef00000,0x0000001cef000000) (1024K)]
  0x000001b2054884e0 WorkerThread "GC Thread#3"                     [id=22264, stack(0x0000001cef000000,0x0000001cef100000) (1024K)]
  0x000001b205488910 WorkerThread "GC Thread#4"                     [id=7176, stack(0x0000001cef100000,0x0000001cef200000) (1024K)]
  0x000001b2054891e0 WorkerThread "GC Thread#5"                     [id=20644, stack(0x0000001cef200000,0x0000001cef300000) (1024K)]
  0x000001b20548c5a0 WorkerThread "GC Thread#6"                     [id=8160, stack(0x0000001cef400000,0x0000001cef500000) (1024K)]
  0x000001b20548b010 WorkerThread "GC Thread#7"                     [id=19152, stack(0x0000001cef500000,0x0000001cef600000) (1024K)]
  0x000001b263f30da0 ConcurrentGCThread "G1 Main Marker"            [id=5784, stack(0x0000001cede00000,0x0000001cedf00000) (1024K)]
  0x000001b263f31940 WorkerThread "G1 Conc#0"                       [id=21980, stack(0x0000001cedf00000,0x0000001cee000000) (1024K)]
  0x000001b205489a80 WorkerThread "G1 Conc#1"                       [id=10812, stack(0x0000001cef800000,0x0000001cef900000) (1024K)]
  0x000001b263f7e5c0 ConcurrentGCThread "G1 Refine#0"               [id=3960, stack(0x0000001cee000000,0x0000001cee100000) (1024K)]
  0x000001b27b92b200 ConcurrentGCThread "G1 Service"                [id=17220, stack(0x0000001cee100000,0x0000001cee200000) (1024K)]
Total: 15

Threads with active compile tasks:
C2 CompilerThread0  32775 10782       4       org.gradle.internal.service.DefaultServiceRegistry$OwnServices::getService (317 bytes)
C2 CompilerThread1  32776 10723   !   4       java.net.URLClassLoader::findClass (77 bytes)
Total: 2

VM state: not at safepoint (normal execution)

VM Mutex/Monitor currently owned by a thread: None

Heap address: 0x0000000080000000, size: 2048 MB, Compressed Oops mode: 32-bit

CDS archive(s) not mapped
Compressed class space mapped at: 0x000000002a000000-0x000000006a000000, reserved size: 1073741824
UseCompressedClassPointers 1, UseCompactObjectHeaders 0
Narrow klass pointer bits 32, Max shift 3
Narrow klass base: 0x0000000000000000, Narrow klass shift: 0
Encoding Range: [0x0000000000000000 - 0x0000000100000000), (4294967296 bytes)
Klass Range:    [0x000000002a000000 - 0x000000006a000000), (1073741824 bytes)
Klass ID Range:  [704643072 - 1778384889) (1073741817)
No protection zone.

GC Precious Log:
 CardTable entry size: 512
 Card Set container configuration: InlinePtr #cards 5 size 8 Array Of Cards #cards 10 size 36 Howl #buckets 4 coarsen threshold 1843 Howl Bitmap #cards 512 size 80 coarsen threshold 460 Card regions per heap region 1 cards per card region 2048
 CPUs: 8 total, 8 available
 Memory: 7831M
 Large Page Support: Disabled
 NUMA Support: Disabled
 Compressed Oops: Enabled (32-bit)
 Heap Region Size: 1M
 Heap Min Capacity: 8M
 Heap Initial Capacity: 124M
 Heap Max Capacity: 2G
 Pre-touch: Disabled
 Parallel Workers: 8
 Concurrent Workers: 2
 Concurrent Refinement Workers: 8
 Periodic GC: Disabled

Heap:
 garbage-first heap   total reserved 2097152K, committed 201728K, used 173611K [0x0000000080000000, 0x0000000100000000)
  region size 1024K, 55 young (56320K), 6 survivors (6144K)

Heap Regions: E=young(eden), S=young(survivor), O=old, HS=humongous(starts), HC=humongous(continues), CS=collection set, F=free, TAMS=top-at-mark-start, PB=parsable bottom
|   0|0x0000000080000000, 0x0000000080100000, 0x0000000080100000|100%|HS|  |TAMS 0x0000000080000000| PB 0x0000000080000000| Complete |  0
|   1|0x0000000080100000, 0x0000000080200000, 0x0000000080200000|100%|HC|  |TAMS 0x0000000080100000| PB 0x0000000080100000| Complete |  0
|   2|0x0000000080200000, 0x0000000080300000, 0x0000000080300000|100%|HC|  |TAMS 0x0000000080200000| PB 0x0000000080200000| Complete |  0
|   3|0x0000000080300000, 0x0000000080400000, 0x0000000080400000|100%|HC|  |TAMS 0x0000000080300000| PB 0x0000000080300000| Complete |  0
|   4|0x0000000080400000, 0x0000000080500000, 0x0000000080500000|100%| O|  |TAMS 0x0000000080400000| PB 0x0000000080400000| Untracked |  0
|   5|0x0000000080500000, 0x0000000080600000, 0x0000000080600000|100%| O|  |TAMS 0x0000000080500000| PB 0x0000000080500000| Untracked |  0
|   6|0x0000000080600000, 0x0000000080700000, 0x0000000080700000|100%| O|  |TAMS 0x0000000080600000| PB 0x0000000080600000| Untracked |  0
|   7|0x0000000080700000, 0x0000000080800000, 0x0000000080800000|100%|HS|  |TAMS 0x0000000080700000| PB 0x0000000080700000| Complete |  0
|   8|0x0000000080800000, 0x0000000080900000, 0x0000000080900000|100%| O|  |TAMS 0x0000000080800000| PB 0x0000000080800000| Untracked |  0
|   9|0x0000000080900000, 0x0000000080a00000, 0x0000000080a00000|100%| O|  |TAMS 0x0000000080900000| PB 0x0000000080900000| Untracked |  0
|  10|0x0000000080a00000, 0x0000000080b00000, 0x0000000080b00000|100%| O|  |TAMS 0x0000000080a00000| PB 0x0000000080a00000| Untracked |  0
|  11|0x0000000080b00000, 0x0000000080c00000, 0x0000000080c00000|100%| O|  |TAMS 0x0000000080b00000| PB 0x0000000080b00000| Untracked |  0
|  12|0x0000000080c00000, 0x0000000080d00000, 0x0000000080d00000|100%| O|  |TAMS 0x0000000080c00000| PB 0x0000000080c00000| Untracked |  0
|  13|0x0000000080d00000, 0x0000000080e00000, 0x0000000080e00000|100%| O|  |TAMS 0x0000000080d00000| PB 0x0000000080d00000| Untracked |  0
|  14|0x0000000080e00000, 0x0000000080f00000, 0x0000000080f00000|100%| O|  |TAMS 0x0000000080e00000| PB 0x0000000080e00000| Untracked |  0
|  15|0x0000000080f00000, 0x0000000081000000, 0x0000000081000000|100%| O|  |TAMS 0x0000000080f00000| PB 0x0000000080f00000| Untracked |  0
|  16|0x0000000081000000, 0x0000000081100000, 0x0000000081100000|100%| O|  |TAMS 0x0000000081000000| PB 0x0000000081000000| Untracked |  0
|  17|0x0000000081100000, 0x0000000081200000, 0x0000000081200000|100%| O|  |TAMS 0x0000000081100000| PB 0x0000000081100000| Untracked |  0
|  18|0x0000000081200000, 0x0000000081300000, 0x0000000081300000|100%| O|  |TAMS 0x0000000081200000| PB 0x0000000081200000| Untracked |  0
|  19|0x0000000081300000, 0x0000000081400000, 0x0000000081400000|100%| O|  |TAMS 0x0000000081300000| PB 0x0000000081300000| Untracked |  0
|  20|0x0000000081400000, 0x0000000081500000, 0x0000000081500000|100%| O|  |TAMS 0x0000000081400000| PB 0x0000000081400000| Untracked |  0
|  21|0x0000000081500000, 0x0000000081600000, 0x0000000081600000|100%| O|  |TAMS 0x0000000081500000| PB 0x0000000081500000| Untracked |  0
|  22|0x0000000081600000, 0x0000000081700000, 0x0000000081700000|100%| O|  |TAMS 0x0000000081600000| PB 0x0000000081600000| Untracked |  0
|  23|0x0000000081700000, 0x0000000081800000, 0x0000000081800000|100%| O|  |TAMS 0x0000000081700000| PB 0x0000000081700000| Untracked |  0
|  24|0x0000000081800000, 0x0000000081900000, 0x0000000081900000|100%|HS|  |TAMS 0x0000000081800000| PB 0x0000000081800000| Complete |  0
|  25|0x0000000081900000, 0x0000000081a00000, 0x0000000081a00000|100%|HC|  |TAMS 0x0000000081900000| PB 0x0000000081900000| Complete |  0
|  26|0x0000000081a00000, 0x0000000081b00000, 0x0000000081b00000|100%|HC|  |TAMS 0x0000000081a00000| PB 0x0000000081a00000| Complete |  0
|  27|0x0000000081b00000, 0x0000000081c00000, 0x0000000081c00000|100%|HC|  |TAMS 0x0000000081b00000| PB 0x0000000081b00000| Complete |  0
|  28|0x0000000081c00000, 0x0000000081d00000, 0x0000000081d00000|100%|HC|  |TAMS 0x0000000081c00000| PB 0x0000000081c00000| Complete |  0
|  29|0x0000000081d00000, 0x0000000081e00000, 0x0000000081e00000|100%|HC|  |TAMS 0x0000000081d00000| PB 0x0000000081d00000| Complete |  0
|  30|0x0000000081e00000, 0x0000000081f00000, 0x0000000081f00000|100%|HS|  |TAMS 0x0000000081e00000| PB 0x0000000081e00000| Complete |  0
|  31|0x0000000081f00000, 0x0000000082000000, 0x0000000082000000|100%|HS|  |TAMS 0x0000000081f00000| PB 0x0000000081f00000| Complete |  0
|  32|0x0000000082000000, 0x0000000082100000, 0x0000000082100000|100%| O|  |TAMS 0x0000000082000000| PB 0x0000000082000000| Untracked |  0
|  33|0x0000000082100000, 0x0000000082200000, 0x0000000082200000|100%| O|  |TAMS 0x0000000082100000| PB 0x0000000082100000| Untracked |  0
|  34|0x0000000082200000, 0x0000000082300000, 0x0000000082300000|100%| O|  |TAMS 0x0000000082200000| PB 0x0000000082200000| Untracked |  0
|  35|0x0000000082300000, 0x0000000082400000, 0x0000000082400000|100%| O|  |TAMS 0x0000000082300000| PB 0x0000000082300000| Untracked |  0
|  36|0x0000000082400000, 0x0000000082500000, 0x0000000082500000|100%| O|  |TAMS 0x0000000082400000| PB 0x0000000082400000| Untracked |  0
|  37|0x0000000082500000, 0x0000000082600000, 0x0000000082600000|100%|HS|  |TAMS 0x0000000082500000| PB 0x0000000082500000| Complete |  0
|  38|0x0000000082600000, 0x0000000082700000, 0x0000000082700000|100%|HC|  |TAMS 0x0000000082600000| PB 0x0000000082600000| Complete |  0
|  39|0x0000000082700000, 0x0000000082800000, 0x0000000082800000|100%|HC|  |TAMS 0x0000000082700000| PB 0x0000000082700000| Complete |  0
|  40|0x0000000082800000, 0x0000000082900000, 0x0000000082900000|100%|HC|  |TAMS 0x0000000082800000| PB 0x0000000082800000| Complete |  0
|  41|0x0000000082900000, 0x0000000082a00000, 0x0000000082a00000|100%|HC|  |TAMS 0x0000000082900000| PB 0x0000000082900000| Complete |  0
|  42|0x0000000082a00000, 0x0000000082b00000, 0x0000000082b00000|100%|HC|  |TAMS 0x0000000082a00000| PB 0x0000000082a00000| Complete |  0
|  43|0x0000000082b00000, 0x0000000082c00000, 0x0000000082c00000|100%|HS|  |TAMS 0x0000000082b00000| PB 0x0000000082b00000| Complete |  0
|  44|0x0000000082c00000, 0x0000000082d00000, 0x0000000082d00000|100%|HS|  |TAMS 0x0000000082c00000| PB 0x0000000082c00000| Complete |  0
|  45|0x0000000082d00000, 0x0000000082e00000, 0x0000000082e00000|100%| O|  |TAMS 0x0000000082d00000| PB 0x0000000082d00000| Untracked |  0
|  46|0x0000000082e00000, 0x0000000082f00000, 0x0000000082f00000|100%| O|  |TAMS 0x0000000082e00000| PB 0x0000000082e00000| Untracked |  0
|  47|0x0000000082f00000, 0x0000000083000000, 0x0000000083000000|100%| O|  |TAMS 0x0000000082f00000| PB 0x0000000082f00000| Untracked |  0
|  48|0x0000000083000000, 0x0000000083100000, 0x0000000083100000|100%| O|  |TAMS 0x0000000083000000| PB 0x0000000083000000| Untracked |  0
|  49|0x0000000083100000, 0x0000000083200000, 0x0000000083200000|100%| O|  |TAMS 0x0000000083100000| PB 0x0000000083100000| Untracked |  0
|  50|0x0000000083200000, 0x0000000083300000, 0x0000000083300000|100%| O|  |TAMS 0x0000000083200000| PB 0x0000000083200000| Untracked |  0
|  51|0x0000000083300000, 0x0000000083400000, 0x0000000083400000|100%| O|  |TAMS 0x0000000083300000| PB 0x0000000083300000| Untracked |  0
|  52|0x0000000083400000, 0x0000000083500000, 0x0000000083500000|100%| O|  |TAMS 0x0000000083400000| PB 0x0000000083400000| Untracked |  0
|  53|0x0000000083500000, 0x0000000083600000, 0x0000000083600000|100%| O|  |TAMS 0x0000000083500000| PB 0x0000000083500000| Untracked |  0
|  54|0x0000000083600000, 0x0000000083700000, 0x0000000083700000|100%| O|  |TAMS 0x0000000083600000| PB 0x0000000083600000| Untracked |  0
|  55|0x0000000083700000, 0x0000000083800000, 0x0000000083800000|100%| O|  |TAMS 0x0000000083700000| PB 0x0000000083700000| Untracked |  0
|  56|0x0000000083800000, 0x0000000083900000, 0x0000000083900000|100%| O|  |TAMS 0x0000000083800000| PB 0x0000000083800000| Untracked |  0
|  57|0x0000000083900000, 0x0000000083a00000, 0x0000000083a00000|100%| O|  |TAMS 0x0000000083900000| PB 0x0000000083900000| Untracked |  0
|  58|0x0000000083a00000, 0x0000000083b00000, 0x0000000083b00000|100%| O|  |TAMS 0x0000000083a00000| PB 0x0000000083a00000| Untracked |  0
|  59|0x0000000083b00000, 0x0000000083c00000, 0x0000000083c00000|100%| O|  |TAMS 0x0000000083b00000| PB 0x0000000083b00000| Untracked |  0
|  60|0x0000000083c00000, 0x0000000083d00000, 0x0000000083d00000|100%| O|  |TAMS 0x0000000083c00000| PB 0x0000000083c00000| Untracked |  0
|  61|0x0000000083d00000, 0x0000000083e00000, 0x0000000083e00000|100%| O|  |TAMS 0x0000000083d00000| PB 0x0000000083d00000| Untracked |  0
|  62|0x0000000083e00000, 0x0000000083f00000, 0x0000000083f00000|100%| O|  |TAMS 0x0000000083e00000| PB 0x0000000083e00000| Untracked |  0
|  63|0x0000000083f00000, 0x0000000084000000, 0x0000000084000000|100%| O|  |TAMS 0x0000000083f00000| PB 0x0000000083f00000| Untracked |  0
|  64|0x0000000084000000, 0x0000000084100000, 0x0000000084100000|100%| O|  |TAMS 0x0000000084000000| PB 0x0000000084000000| Untracked |  0
|  65|0x0000000084100000, 0x0000000084200000, 0x0000000084200000|100%| O|  |TAMS 0x0000000084100000| PB 0x0000000084100000| Untracked |  0
|  66|0x0000000084200000, 0x0000000084300000, 0x0000000084300000|100%| O|  |TAMS 0x0000000084200000| PB 0x0000000084200000| Untracked |  0
|  67|0x0000000084300000, 0x0000000084400000, 0x0000000084400000|100%| O|  |TAMS 0x0000000084300000| PB 0x0000000084300000| Untracked |  0
|  68|0x0000000084400000, 0x0000000084500000, 0x0000000084500000|100%| O|  |TAMS 0x0000000084400000| PB 0x0000000084400000| Untracked |  0
|  69|0x0000000084500000, 0x0000000084600000, 0x0000000084600000|100%| O|  |TAMS 0x0000000084500000| PB 0x0000000084500000| Untracked |  0
|  70|0x0000000084600000, 0x0000000084700000, 0x0000000084700000|100%| O|  |TAMS 0x0000000084600000| PB 0x0000000084600000| Untracked |  0
|  71|0x0000000084700000, 0x0000000084800000, 0x0000000084800000|100%| O|  |TAMS 0x0000000084700000| PB 0x0000000084700000| Untracked |  0
|  72|0x0000000084800000, 0x0000000084900000, 0x0000000084900000|100%| O|  |TAMS 0x0000000084800000| PB 0x0000000084800000| Untracked |  0
|  73|0x0000000084900000, 0x0000000084a00000, 0x0000000084a00000|100%| O|  |TAMS 0x0000000084900000| PB 0x0000000084900000| Untracked |  0
|  74|0x0000000084a00000, 0x0000000084b00000, 0x0000000084b00000|100%| O|  |TAMS 0x0000000084a00000| PB 0x0000000084a00000| Untracked |  0
|  75|0x0000000084b00000, 0x0000000084c00000, 0x0000000084c00000|100%| O|  |TAMS 0x0000000084b00000| PB 0x0000000084b00000| Untracked |  0
|  76|0x0000000084c00000, 0x0000000084d00000, 0x0000000084d00000|100%| O|  |TAMS 0x0000000084c00000| PB 0x0000000084c00000| Untracked |  0
|  77|0x0000000084d00000, 0x0000000084e00000, 0x0000000084e00000|100%| O|  |TAMS 0x0000000084d00000| PB 0x0000000084d00000| Untracked |  0
|  78|0x0000000084e00000, 0x0000000084f00000, 0x0000000084f00000|100%| O|  |TAMS 0x0000000084e00000| PB 0x0000000084e00000| Untracked |  0
|  79|0x0000000084f00000, 0x0000000085000000, 0x0000000085000000|100%| O|  |TAMS 0x0000000084f00000| PB 0x0000000084f00000| Untracked |  0
|  80|0x0000000085000000, 0x0000000085100000, 0x0000000085100000|100%| O|  |TAMS 0x0000000085000000| PB 0x0000000085000000| Untracked |  0
|  81|0x0000000085100000, 0x0000000085200000, 0x0000000085200000|100%| O|  |TAMS 0x0000000085100000| PB 0x0000000085100000| Untracked |  0
|  82|0x0000000085200000, 0x0000000085300000, 0x0000000085300000|100%|HS|  |TAMS 0x0000000085200000| PB 0x0000000085200000| Complete |  0
|  83|0x0000000085300000, 0x0000000085400000, 0x0000000085400000|100%| O|  |TAMS 0x0000000085300000| PB 0x0000000085300000| Untracked |  0
|  84|0x0000000085400000, 0x0000000085500000, 0x0000000085500000|100%| O|  |TAMS 0x0000000085400000| PB 0x0000000085400000| Untracked |  0
|  85|0x0000000085500000, 0x0000000085600000, 0x0000000085600000|100%| O|  |TAMS 0x0000000085500000| PB 0x0000000085500000| Untracked |  0
|  86|0x0000000085600000, 0x0000000085700000, 0x0000000085700000|100%| O|  |TAMS 0x0000000085600000| PB 0x0000000085600000| Untracked |  0
|  87|0x0000000085700000, 0x0000000085700000, 0x0000000085800000|  0%| F|  |TAMS 0x0000000085700000| PB 0x0000000085700000| Untracked |  0
|  88|0x0000000085800000, 0x0000000085900000, 0x0000000085900000|100%| O|  |TAMS 0x0000000085800000| PB 0x0000000085800000| Untracked |  0
|  89|0x0000000085900000, 0x0000000085a00000, 0x0000000085a00000|100%| O|  |TAMS 0x0000000085900000| PB 0x0000000085900000| Untracked |  0
|  90|0x0000000085a00000, 0x0000000085b00000, 0x0000000085b00000|100%| O|  |TAMS 0x0000000085a00000| PB 0x0000000085a00000| Untracked |  0
|  91|0x0000000085b00000, 0x0000000085c00000, 0x0000000085c00000|100%| O|  |TAMS 0x0000000085b00000| PB 0x0000000085b00000| Untracked |  0
|  92|0x0000000085c00000, 0x0000000085d00000, 0x0000000085d00000|100%| O|  |TAMS 0x0000000085c00000| PB 0x0000000085c00000| Untracked |  0
|  93|0x0000000085d00000, 0x0000000085e00000, 0x0000000085e00000|100%| O|  |TAMS 0x0000000085d00000| PB 0x0000000085d00000| Untracked |  0
|  94|0x0000000085e00000, 0x0000000085f00000, 0x0000000085f00000|100%| O|  |TAMS 0x0000000085e00000| PB 0x0000000085e00000| Untracked |  0
|  95|0x0000000085f00000, 0x0000000085f00000, 0x0000000086000000|  0%| F|  |TAMS 0x0000000085f00000| PB 0x0000000085f00000| Untracked |  0
|  96|0x0000000086000000, 0x0000000086100000, 0x0000000086100000|100%| O|  |TAMS 0x0000000086000000| PB 0x0000000086000000| Untracked |  0
|  97|0x0000000086100000, 0x0000000086200000, 0x0000000086200000|100%| O|  |TAMS 0x0000000086100000| PB 0x0000000086100000| Untracked |  0
|  98|0x0000000086200000, 0x0000000086300000, 0x0000000086300000|100%| O|  |TAMS 0x0000000086200000| PB 0x0000000086200000| Untracked |  0
|  99|0x0000000086300000, 0x0000000086400000, 0x0000000086400000|100%| O|  |TAMS 0x0000000086300000| PB 0x0000000086300000| Untracked |  0
| 100|0x0000000086400000, 0x0000000086500000, 0x0000000086500000|100%| O|  |TAMS 0x0000000086400000| PB 0x0000000086400000| Untracked |  0
| 101|0x0000000086500000, 0x00000000865a74e8, 0x0000000086600000| 65%| O|  |TAMS 0x0000000086500000| PB 0x0000000086500000| Untracked |  0
| 102|0x0000000086600000, 0x0000000086600000, 0x0000000086700000|  0%| F|  |TAMS 0x0000000086600000| PB 0x0000000086600000| Untracked |  0
| 103|0x0000000086700000, 0x0000000086700000, 0x0000000086800000|  0%| F|  |TAMS 0x0000000086700000| PB 0x0000000086700000| Untracked |  0
| 104|0x0000000086800000, 0x0000000086800000, 0x0000000086900000|  0%| F|  |TAMS 0x0000000086800000| PB 0x0000000086800000| Untracked |  0
| 105|0x0000000086900000, 0x0000000086900000, 0x0000000086a00000|  0%| F|  |TAMS 0x0000000086900000| PB 0x0000000086900000| Untracked |  0
| 106|0x0000000086a00000, 0x0000000086a00000, 0x0000000086b00000|  0%| F|  |TAMS 0x0000000086a00000| PB 0x0000000086a00000| Untracked |  0
| 107|0x0000000086b00000, 0x0000000086b00000, 0x0000000086c00000|  0%| F|  |TAMS 0x0000000086b00000| PB 0x0000000086b00000| Untracked |  0
| 108|0x0000000086c00000, 0x0000000086c00000, 0x0000000086d00000|  0%| F|  |TAMS 0x0000000086c00000| PB 0x0000000086c00000| Untracked |  0
| 109|0x0000000086d00000, 0x0000000086d00000, 0x0000000086e00000|  0%| F|  |TAMS 0x0000000086d00000| PB 0x0000000086d00000| Untracked |  0
| 110|0x0000000086e00000, 0x0000000086e00000, 0x0000000086f00000|  0%| F|  |TAMS 0x0000000086e00000| PB 0x0000000086e00000| Untracked |  0
| 111|0x0000000086f00000, 0x0000000086f00000, 0x0000000087000000|  0%| F|  |TAMS 0x0000000086f00000| PB 0x0000000086f00000| Untracked |  0
| 112|0x0000000087000000, 0x00000000870e3760, 0x0000000087100000| 88%| S|CS|TAMS 0x0000000087000000| PB 0x0000000087000000| Complete |  0
| 113|0x0000000087100000, 0x0000000087200000, 0x0000000087200000|100%| S|CS|TAMS 0x0000000087100000| PB 0x0000000087100000| Complete |  0
| 114|0x0000000087200000, 0x0000000087300000, 0x0000000087300000|100%| S|CS|TAMS 0x0000000087200000| PB 0x0000000087200000| Complete |  0
| 115|0x0000000087300000, 0x0000000087400000, 0x0000000087400000|100%| S|CS|TAMS 0x0000000087300000| PB 0x0000000087300000| Complete |  0
| 116|0x0000000087400000, 0x0000000087500000, 0x0000000087500000|100%| S|CS|TAMS 0x0000000087400000| PB 0x0000000087400000| Complete |  0
| 117|0x0000000087500000, 0x0000000087600000, 0x0000000087600000|100%| S|CS|TAMS 0x0000000087500000| PB 0x0000000087500000| Complete |  0
| 118|0x0000000087600000, 0x0000000087600000, 0x0000000087700000|  0%| F|  |TAMS 0x0000000087600000| PB 0x0000000087600000| Untracked |  0
| 119|0x0000000087700000, 0x0000000087700000, 0x0000000087800000|  0%| F|  |TAMS 0x0000000087700000| PB 0x0000000087700000| Untracked |  0
| 120|0x0000000087800000, 0x0000000087800000, 0x0000000087900000|  0%| F|  |TAMS 0x0000000087800000| PB 0x0000000087800000| Untracked |  0
| 121|0x0000000087900000, 0x0000000087900000, 0x0000000087a00000|  0%| F|  |TAMS 0x0000000087900000| PB 0x0000000087900000| Untracked |  0
| 122|0x0000000087a00000, 0x0000000087a00000, 0x0000000087b00000|  0%| F|  |TAMS 0x0000000087a00000| PB 0x0000000087a00000| Untracked |  0
| 123|0x0000000087b00000, 0x0000000087b00000, 0x0000000087c00000|  0%| F|  |TAMS 0x0000000087b00000| PB 0x0000000087b00000| Untracked |  0
| 124|0x0000000087c00000, 0x0000000087c00000, 0x0000000087d00000|  0%| F|  |TAMS 0x0000000087c00000| PB 0x0000000087c00000| Untracked |  0
| 125|0x0000000087d00000, 0x0000000087d00000, 0x0000000087e00000|  0%| F|  |TAMS 0x0000000087d00000| PB 0x0000000087d00000| Untracked |  0
| 126|0x0000000087e00000, 0x0000000087e00000, 0x0000000087f00000|  0%| F|  |TAMS 0x0000000087e00000| PB 0x0000000087e00000| Untracked |  0
| 127|0x0000000087f00000, 0x0000000087f00000, 0x0000000088000000|  0%| F|  |TAMS 0x0000000087f00000| PB 0x0000000087f00000| Untracked |  0
| 128|0x0000000088000000, 0x0000000088000000, 0x0000000088100000|  0%| F|  |TAMS 0x0000000088000000| PB 0x0000000088000000| Untracked |  0
| 129|0x0000000088100000, 0x0000000088100000, 0x0000000088200000|  0%| F|  |TAMS 0x0000000088100000| PB 0x0000000088100000| Untracked |  0
| 130|0x0000000088200000, 0x0000000088200000, 0x0000000088300000|  0%| F|  |TAMS 0x0000000088200000| PB 0x0000000088200000| Untracked |  0
| 131|0x0000000088300000, 0x0000000088300000, 0x0000000088400000|  0%| F|  |TAMS 0x0000000088300000| PB 0x0000000088300000| Untracked |  0
| 132|0x0000000088400000, 0x00000000884c14f8, 0x0000000088500000| 75%| E|  |TAMS 0x0000000088400000| PB 0x0000000088400000| Complete |  0
| 133|0x0000000088500000, 0x0000000088600000, 0x0000000088600000|100%| E|CS|TAMS 0x0000000088500000| PB 0x0000000088500000| Complete |  0
| 134|0x0000000088600000, 0x0000000088700000, 0x0000000088700000|100%| E|CS|TAMS 0x0000000088600000| PB 0x0000000088600000| Complete |  0
| 135|0x0000000088700000, 0x0000000088800000, 0x0000000088800000|100%| E|CS|TAMS 0x0000000088700000| PB 0x0000000088700000| Complete |  0
| 136|0x0000000088800000, 0x0000000088900000, 0x0000000088900000|100%| E|CS|TAMS 0x0000000088800000| PB 0x0000000088800000| Complete |  0
| 137|0x0000000088900000, 0x0000000088a00000, 0x0000000088a00000|100%| E|CS|TAMS 0x0000000088900000| PB 0x0000000088900000| Complete |  0
| 138|0x0000000088a00000, 0x0000000088b00000, 0x0000000088b00000|100%| E|CS|TAMS 0x0000000088a00000| PB 0x0000000088a00000| Complete |  0
| 139|0x0000000088b00000, 0x0000000088c00000, 0x0000000088c00000|100%| E|CS|TAMS 0x0000000088b00000| PB 0x0000000088b00000| Complete |  0
| 140|0x0000000088c00000, 0x0000000088d00000, 0x0000000088d00000|100%| E|CS|TAMS 0x0000000088c00000| PB 0x0000000088c00000| Complete |  0
| 141|0x0000000088d00000, 0x0000000088e00000, 0x0000000088e00000|100%| E|CS|TAMS 0x0000000088d00000| PB 0x0000000088d00000| Complete |  0
| 142|0x0000000088e00000, 0x0000000088f00000, 0x0000000088f00000|100%| E|CS|TAMS 0x0000000088e00000| PB 0x0000000088e00000| Complete |  0
| 143|0x0000000088f00000, 0x0000000089000000, 0x0000000089000000|100%| E|CS|TAMS 0x0000000088f00000| PB 0x0000000088f00000| Complete |  0
| 144|0x0000000089000000, 0x0000000089100000, 0x0000000089100000|100%| E|CS|TAMS 0x0000000089000000| PB 0x0000000089000000| Complete |  0
| 145|0x0000000089100000, 0x0000000089200000, 0x0000000089200000|100%| E|CS|TAMS 0x0000000089100000| PB 0x0000000089100000| Complete |  0
| 146|0x0000000089200000, 0x0000000089300000, 0x0000000089300000|100%| E|CS|TAMS 0x0000000089200000| PB 0x0000000089200000| Complete |  0
| 147|0x0000000089300000, 0x0000000089400000, 0x0000000089400000|100%| E|CS|TAMS 0x0000000089300000| PB 0x0000000089300000| Complete |  0
| 148|0x0000000089400000, 0x0000000089500000, 0x0000000089500000|100%| E|CS|TAMS 0x0000000089400000| PB 0x0000000089400000| Complete |  0
| 149|0x0000000089500000, 0x0000000089600000, 0x0000000089600000|100%| E|CS|TAMS 0x0000000089500000| PB 0x0000000089500000| Complete |  0
| 150|0x0000000089600000, 0x0000000089700000, 0x0000000089700000|100%| E|CS|TAMS 0x0000000089600000| PB 0x0000000089600000| Complete |  0
| 151|0x0000000089700000, 0x0000000089800000, 0x0000000089800000|100%| E|CS|TAMS 0x0000000089700000| PB 0x0000000089700000| Complete |  0
| 152|0x0000000089800000, 0x0000000089900000, 0x0000000089900000|100%| E|CS|TAMS 0x0000000089800000| PB 0x0000000089800000| Complete |  0
| 153|0x0000000089900000, 0x0000000089a00000, 0x0000000089a00000|100%| E|CS|TAMS 0x0000000089900000| PB 0x0000000089900000| Complete |  0
| 154|0x0000000089a00000, 0x0000000089b00000, 0x0000000089b00000|100%| E|CS|TAMS 0x0000000089a00000| PB 0x0000000089a00000| Complete |  0
| 155|0x0000000089b00000, 0x0000000089c00000, 0x0000000089c00000|100%| E|CS|TAMS 0x0000000089b00000| PB 0x0000000089b00000| Complete |  0
| 156|0x0000000089c00000, 0x0000000089d00000, 0x0000000089d00000|100%| E|CS|TAMS 0x0000000089c00000| PB 0x0000000089c00000| Complete |  0
| 157|0x0000000089d00000, 0x0000000089e00000, 0x0000000089e00000|100%| E|CS|TAMS 0x0000000089d00000| PB 0x0000000089d00000| Complete |  0
| 158|0x0000000089e00000, 0x0000000089f00000, 0x0000000089f00000|100%| E|CS|TAMS 0x0000000089e00000| PB 0x0000000089e00000| Complete |  0
| 159|0x0000000089f00000, 0x000000008a000000, 0x000000008a000000|100%| E|CS|TAMS 0x0000000089f00000| PB 0x0000000089f00000| Complete |  0
| 160|0x000000008a000000, 0x000000008a100000, 0x000000008a100000|100%| E|CS|TAMS 0x000000008a000000| PB 0x000000008a000000| Complete |  0
| 161|0x000000008a100000, 0x000000008a200000, 0x000000008a200000|100%| E|CS|TAMS 0x000000008a100000| PB 0x000000008a100000| Complete |  0
| 162|0x000000008a200000, 0x000000008a300000, 0x000000008a300000|100%| E|CS|TAMS 0x000000008a200000| PB 0x000000008a200000| Complete |  0
| 163|0x000000008a300000, 0x000000008a400000, 0x000000008a400000|100%| E|CS|TAMS 0x000000008a300000| PB 0x000000008a300000| Complete |  0
| 164|0x000000008a400000, 0x000000008a500000, 0x000000008a500000|100%| E|CS|TAMS 0x000000008a400000| PB 0x000000008a400000| Complete |  0
| 165|0x000000008a500000, 0x000000008a600000, 0x000000008a600000|100%| E|CS|TAMS 0x000000008a500000| PB 0x000000008a500000| Complete |  0
| 166|0x000000008a600000, 0x000000008a700000, 0x000000008a700000|100%| E|CS|TAMS 0x000000008a600000| PB 0x000000008a600000| Complete |  0
| 167|0x000000008a700000, 0x000000008a800000, 0x000000008a800000|100%| E|CS|TAMS 0x000000008a700000| PB 0x000000008a700000| Complete |  0
| 168|0x000000008a800000, 0x000000008a900000, 0x000000008a900000|100%| E|CS|TAMS 0x000000008a800000| PB 0x000000008a800000| Complete |  0
| 169|0x000000008a900000, 0x000000008aa00000, 0x000000008aa00000|100%| E|CS|TAMS 0x000000008a900000| PB 0x000000008a900000| Complete |  0
| 170|0x000000008aa00000, 0x000000008ab00000, 0x000000008ab00000|100%| E|CS|TAMS 0x000000008aa00000| PB 0x000000008aa00000| Complete |  0
| 171|0x000000008ab00000, 0x000000008ac00000, 0x000000008ac00000|100%| E|CS|TAMS 0x000000008ab00000| PB 0x000000008ab00000| Complete |  0
| 172|0x000000008ac00000, 0x000000008ad00000, 0x000000008ad00000|100%| E|CS|TAMS 0x000000008ac00000| PB 0x000000008ac00000| Complete |  0
| 173|0x000000008ad00000, 0x000000008ae00000, 0x000000008ae00000|100%| E|CS|TAMS 0x000000008ad00000| PB 0x000000008ad00000| Complete |  0
| 174|0x000000008ae00000, 0x000000008af00000, 0x000000008af00000|100%| E|CS|TAMS 0x000000008ae00000| PB 0x000000008ae00000| Complete |  0
| 175|0x000000008af00000, 0x000000008b000000, 0x000000008b000000|100%| E|CS|TAMS 0x000000008af00000| PB 0x000000008af00000| Complete |  0
|2027|0x00000000feb00000, 0x00000000fec00000, 0x00000000fec00000|100%| O|  |TAMS 0x00000000feb00000| PB 0x00000000feb00000| Untracked |  0
|2028|0x00000000fec00000, 0x00000000fed00000, 0x00000000fed00000|100%| E|CS|TAMS 0x00000000fec00000| PB 0x00000000fec00000| Complete |  0
|2029|0x00000000fed00000, 0x00000000fee00000, 0x00000000fee00000|100%| O|  |TAMS 0x00000000fed00000| PB 0x00000000fed00000| Untracked |  0
|2030|0x00000000fee00000, 0x00000000fef00000, 0x00000000fef00000|100%| O|  |TAMS 0x00000000fee00000| PB 0x00000000fee00000| Untracked |  0
|2031|0x00000000fef00000, 0x00000000ff000000, 0x00000000ff000000|100%| O|  |TAMS 0x00000000fef00000| PB 0x00000000fef00000| Untracked |  0
|2032|0x00000000ff000000, 0x00000000ff100000, 0x00000000ff100000|100%| O|  |TAMS 0x00000000ff000000| PB 0x00000000ff000000| Untracked |  0
|2033|0x00000000ff100000, 0x00000000ff200000, 0x00000000ff200000|100%| O|  |TAMS 0x00000000ff100000| PB 0x00000000ff100000| Untracked |  0
|2034|0x00000000ff200000, 0x00000000ff300000, 0x00000000ff300000|100%| O|  |TAMS 0x00000000ff200000| PB 0x00000000ff200000| Untracked |  0
|2035|0x00000000ff300000, 0x00000000ff400000, 0x00000000ff400000|100%| O|  |TAMS 0x00000000ff300000| PB 0x00000000ff300000| Untracked |  0
|2036|0x00000000ff400000, 0x00000000ff500000, 0x00000000ff500000|100%| O|  |TAMS 0x00000000ff400000| PB 0x00000000ff400000| Untracked |  0
|2037|0x00000000ff500000, 0x00000000ff600000, 0x00000000ff600000|100%| E|CS|TAMS 0x00000000ff500000| PB 0x00000000ff500000| Complete |  0
|2038|0x00000000ff600000, 0x00000000ff700000, 0x00000000ff700000|100%| E|CS|TAMS 0x00000000ff600000| PB 0x00000000ff600000| Complete |  0
|2039|0x00000000ff700000, 0x00000000ff800000, 0x00000000ff800000|100%| E|CS|TAMS 0x00000000ff700000| PB 0x00000000ff700000| Complete |  0
|2040|0x00000000ff800000, 0x00000000ff900000, 0x00000000ff900000|100%| O|  |TAMS 0x00000000ff800000| PB 0x00000000ff800000| Untracked |  0
|2041|0x00000000ff900000, 0x00000000ffa00000, 0x00000000ffa00000|100%| O|  |TAMS 0x00000000ff900000| PB 0x00000000ff900000| Untracked |  0
|2042|0x00000000ffa00000, 0x00000000ffb00000, 0x00000000ffb00000|100%| O|  |TAMS 0x00000000ffa00000| PB 0x00000000ffa00000| Untracked |  0
|2043|0x00000000ffb00000, 0x00000000ffc00000, 0x00000000ffc00000|100%| O|  |TAMS 0x00000000ffb00000| PB 0x00000000ffb00000| Untracked |  0
|2044|0x00000000ffc00000, 0x00000000ffd00000, 0x00000000ffd00000|100%| O|  |TAMS 0x00000000ffc00000| PB 0x00000000ffc00000| Untracked |  0
|2045|0x00000000ffd00000, 0x00000000ffe00000, 0x00000000ffe00000|100%| O|  |TAMS 0x00000000ffd00000| PB 0x00000000ffd00000| Untracked |  0
|2046|0x00000000ffe00000, 0x00000000fff00000, 0x00000000fff00000|100%| E|CS|TAMS 0x00000000ffe00000| PB 0x00000000ffe00000| Complete |  0
|2047|0x00000000fff00000, 0x0000000100000000, 0x0000000100000000|100%| O|  |TAMS 0x00000000fff00000| PB 0x00000000fff00000| Untracked |  0

Card table byte_map: [0x000001b276c00000,0x000001b277000000] _byte_map_base: 0x000001b276800000

Marking Bits: (CMBitMap*) 0x000001b263f176e0
 Bits: [0x000001b277000000, 0x000001b279000000)

Polling page: 0x000001b261ad0000

Metaspace:
Metaspace        used 137119K, committed 139008K, reserved 1179648K
 class space     used 19084K, committed 19968K, reserved 1048576K

Usage:
  Non-class:    115.27 MB used.
      Class:     18.64 MB used.
       Both:    133.91 MB used.

Virtual space:
  Non-class space:      128.00 MB reserved,     116.25 MB ( 91%) committed,  2 nodes.
      Class space:        1.00 GB reserved,      19.50 MB (  2%) committed,  1 nodes.
             Both:        1.12 GB reserved,     135.75 MB ( 12%) committed. 

Chunk freelists:
   Non-Class:  11.69 MB
       Class:  12.45 MB
        Both:  24.13 MB

MaxMetaspaceSize: unlimited
CompressedClassSpaceSize: 1.00 GB
Initial GC threshold: 21.00 MB
Current GC threshold: 197.75 MB
CDS: off
 - commit_granule_bytes: 65536.
 - commit_granule_words: 8192.
 - virtual_space_node_default_size: 8388608.
 - enlarge_chunks_in_place: 1.
UseCompressedClassPointers 1, UseCompactObjectHeaders 0
Narrow klass pointer bits 32, Max shift 3
Narrow klass base: 0x0000000000000000, Narrow klass shift: 0
Encoding Range: [0x0000000000000000 - 0x0000000100000000), (4294967296 bytes)
Klass Range:    [0x000000002a000000 - 0x000000006a000000), (1073741824 bytes)
Klass ID Range:  [704643072 - 1778384889) (1073741817)
No protection zone.


Internal statistics:

num_allocs_failed_limit: 6.
num_arena_births: 3632.
num_arena_deaths: 0.
num_vsnodes_births: 3.
num_vsnodes_deaths: 0.
num_space_committed: 2171.
num_space_uncommitted: 0.
num_chunks_returned_to_freelist: 6.
num_chunks_taken_from_freelist: 8729.
num_chunk_merges: 6.
num_chunk_splits: 6284.
num_chunks_enlarged: 4656.
num_inconsistent_stats: 0.

CodeHeap 'non-profiled nmethods': size=120064Kb used=4159Kb max_used=4159Kb free=115904Kb
 bounds [0x000001b26ee70000, 0x000001b26f280000, 0x000001b2763b0000]
CodeHeap 'profiled nmethods': size=120000Kb used=14457Kb max_used=14457Kb free=105542Kb
 bounds [0x000001b2673b0000, 0x000001b2681d0000, 0x000001b26e8e0000]
CodeHeap 'non-nmethods': size=5696Kb used=2549Kb max_used=2649Kb free=3146Kb
 bounds [0x000001b26e8e0000, 0x000001b26eb80000, 0x000001b26ee70000]
CodeCache: size=245760Kb, used=21165Kb, max_used=21265Kb, free=224592Kb
 total_blobs=10387, nmethods=9269, adapters=1019, full_count=0
Compilation: enabled, stopped_count=0, restarted_count=0

Compilation events (20 events):
Event: 32.588 Thread 0x000001b27bb04ce0 10776   !   3       sun.nio.fs.WindowsDirectoryStream::iterator (66 bytes)
Event: 32.589 Thread 0x000001b27bb04ce0 nmethod 10776 0x000001b2681ca688 code [0x000001b2681ca780, 0x000001b2681cace0]
Event: 32.615 Thread 0x000001b27bb04ce0 10777       3       org.gradle.internal.snapshot.SnapshotHierarchy$$Lambda/0x000000002a5a9a90::apply (12 bytes)
Event: 32.615 Thread 0x000001b27bb04ce0 nmethod 10777 0x000001b2681cad08 code [0x000001b2681cae00, 0x000001b2681cb2c8]
Event: 32.615 Thread 0x000001b27bb04ce0 10779       3       java.util.stream.ForEachOps$ForEachOp$OfRef::accept (11 bytes)
Event: 32.615 Thread 0x000001b27bb04ce0 nmethod 10779 0x000001b2681cb308 code [0x000001b2681cb400, 0x000001b2681cb5c8]
Event: 32.615 Thread 0x000001b27bb04ce0 10778       3       java.util.ArrayDeque$DeqIterator::next (62 bytes)
Event: 32.616 Thread 0x000001b27bb04ce0 nmethod 10778 0x000001b2681cb608 code [0x000001b2681cb700, 0x000001b2681cbb38]
Event: 32.616 Thread 0x000001b27bb04ce0 10780       3       java.util.Spliterators$ArraySpliterator::<init> (10 bytes)
Event: 32.616 Thread 0x000001b27bb04ce0 nmethod 10780 0x000001b2681cbb88 code [0x000001b2681cbc80, 0x000001b2681cbdc8]
Event: 32.624 Thread 0x000001b27baf04b0 nmethod 10773 0x000001b26f27e008 code [0x000001b26f27e100, 0x000001b26f27fd90]
Event: 32.633 Thread 0x000001b27bb04ce0 10781       3       com.google.common.collect.ImmutableMap::copyOf (58 bytes)
Event: 32.634 Thread 0x000001b27bb04ce0 nmethod 10781 0x000001b2681cbe88 code [0x000001b2681cbf80, 0x000001b2681cc720]
Event: 32.634 Thread 0x000001b27bb04ce0 10783       3       org.gradle.api.internal.provider.AbstractProviderWithValue::<init> (5 bytes)
Event: 32.634 Thread 0x000001b27bb04ce0 nmethod 10783 0x000001b2681cc788 code [0x000001b2681cc880, 0x000001b2681cca40]
Event: 32.634 Thread 0x000001b27bb04ce0 10784       3       org.gradle.api.internal.provider.Providers$FixedValueProvider::<init> (10 bytes)
Event: 32.634 Thread 0x000001b27bb04ce0 nmethod 10784 0x000001b2681cca88 code [0x000001b2681ccb80, 0x000001b2681cce00]
Event: 32.634 Thread 0x000001b27bb04ce0 10785       3       java.lang.invoke.LambdaForm$MH/0x000000002a18c400::invoke (56 bytes)
Event: 32.635 Thread 0x000001b27bb04ce0 nmethod 10785 0x000001b2681cce88 code [0x000001b2681ccf80, 0x000001b2681cd8d8]
Event: 32.635 Thread 0x000001b27baf04b0 10782       4       org.gradle.internal.service.DefaultServiceRegistry$OwnServices::getService (317 bytes)

GC Heap Usage History (20 events):
Event: 22.901 {heap Before GC invocations=29 (full 0):
 garbage-first heap   total reserved 2097152K, committed 145408K, used 126304K [0x0000000080000000, 0x0000000100000000)
  region size 1024K, 40 young (40960K), 2 survivors (2048K)
}
Event: 22.906 {heap After GC invocations=30 (full 0):
 garbage-first heap   total reserved 2097152K, committed 145408K, used 92770K [0x0000000080000000, 0x0000000100000000)
  region size 1024K, 5 young (5120K), 5 survivors (5120K)
}
Event: 24.203 {heap Before GC invocations=30 (full 0):
 garbage-first heap   total reserved 2097152K, committed 145408K, used 127586K [0x0000000080000000, 0x0000000100000000)
  region size 1024K, 40 young (40960K), 5 survivors (5120K)
}
Event: 24.209 {heap After GC invocations=31 (full 0):
 garbage-first heap   total reserved 2097152K, committed 145408K, used 94721K [0x0000000080000000, 0x0000000100000000)
  region size 1024K, 2 young (2048K), 2 survivors (2048K)
}
Event: 24.857 {heap Before GC invocations=32 (full 0):
 garbage-first heap   total reserved 2097152K, committed 158720K, used 130561K [0x0000000080000000, 0x0000000100000000)
  region size 1024K, 38 young (38912K), 2 survivors (2048K)
}
Event: 24.863 {heap After GC invocations=33 (full 0):
 garbage-first heap   total reserved 2097152K, committed 158720K, used 97390K [0x0000000080000000, 0x0000000100000000)
  region size 1024K, 5 young (5120K), 5 survivors (5120K)
}
Event: 25.800 {heap Before GC invocations=33 (full 0):
 garbage-first heap   total reserved 2097152K, committed 158720K, used 142446K [0x0000000080000000, 0x0000000100000000)
  region size 1024K, 49 young (50176K), 5 survivors (5120K)
}
Event: 25.809 {heap After GC invocations=34 (full 0):
 garbage-first heap   total reserved 2097152K, committed 158720K, used 101313K [0x0000000080000000, 0x0000000100000000)
  region size 1024K, 7 young (7168K), 7 survivors (7168K)
}
Event: 25.900 {heap Before GC invocations=34 (full 0):
 garbage-first heap   total reserved 2097152K, committed 158720K, used 106433K [0x0000000080000000, 0x0000000100000000)
  region size 1024K, 13 young (13312K), 7 survivors (7168K)
}
Event: 25.906 {heap After GC invocations=35 (full 0):
 garbage-first heap   total reserved 2097152K, committed 158720K, used 101599K [0x0000000080000000, 0x0000000100000000)
  region size 1024K, 2 young (2048K), 2 survivors (2048K)
}
Event: 26.546 {heap Before GC invocations=36 (full 0):
 garbage-first heap   total reserved 2097152K, committed 173056K, used 146655K [0x0000000080000000, 0x0000000100000000)
  region size 1024K, 45 young (46080K), 2 survivors (2048K)
}
Event: 26.553 {heap After GC invocations=37 (full 0):
 garbage-first heap   total reserved 2097152K, committed 173056K, used 112946K [0x0000000080000000, 0x0000000100000000)
  region size 1024K, 6 young (6144K), 6 survivors (6144K)
}
Event: 27.566 {heap Before GC invocations=37 (full 0):
 garbage-first heap   total reserved 2097152K, committed 173056K, used 153906K [0x0000000080000000, 0x0000000100000000)
  region size 1024K, 46 young (47104K), 6 survivors (6144K)
}
Event: 27.573 {heap After GC invocations=38 (full 0):
 garbage-first heap   total reserved 2097152K, committed 173056K, used 117219K [0x0000000080000000, 0x0000000100000000)
  region size 1024K, 5 young (5120K), 5 survivors (5120K)
}
Event: 28.597 {heap Before GC invocations=38 (full 0):
 garbage-first heap   total reserved 2097152K, committed 173056K, used 155107K [0x0000000080000000, 0x0000000100000000)
  region size 1024K, 43 young (44032K), 5 survivors (5120K)
}
Event: 28.602 {heap After GC invocations=39 (full 0):
 garbage-first heap   total reserved 2097152K, committed 173056K, used 119509K [0x0000000080000000, 0x0000000100000000)
  region size 1024K, 3 young (3072K), 3 survivors (3072K)
}
Event: 29.893 {heap Before GC invocations=40 (full 0):
 garbage-first heap   total reserved 2097152K, committed 201728K, used 157397K [0x0000000080000000, 0x0000000100000000)
  region size 1024K, 40 young (40960K), 3 survivors (3072K)
}
Event: 29.900 {heap After GC invocations=41 (full 0):
 garbage-first heap   total reserved 2097152K, committed 201728K, used 122095K [0x0000000080000000, 0x0000000100000000)
  region size 1024K, 5 young (5120K), 5 survivors (5120K)
}
Event: 31.197 {heap Before GC invocations=41 (full 0):
 garbage-first heap   total reserved 2097152K, committed 201728K, used 181487K [0x0000000080000000, 0x0000000100000000)
  region size 1024K, 63 young (64512K), 5 survivors (5120K)
}
Event: 31.205 {heap After GC invocations=42 (full 0):
 garbage-first heap   total reserved 2097152K, committed 201728K, used 124459K [0x0000000080000000, 0x0000000100000000)
  region size 1024K, 6 young (6144K), 6 survivors (6144K)
}

Metaspace Usage History (20 events):
Event: 22.901 {metaspace Before GC invocations=29 (full 0):
 Metaspace       used 91471K, committed 93312K, reserved 1179648K
  class space    used 13392K, committed 14272K, reserved 1048576K
}
Event: 22.906 {metaspace After GC invocations=30 (full 0):
 Metaspace       used 91471K, committed 93312K, reserved 1179648K
  class space    used 13392K, committed 14272K, reserved 1048576K
}
Event: 24.203 {metaspace Before GC invocations=30 (full 0):
 Metaspace       used 96664K, committed 98496K, reserved 1179648K
  class space    used 13914K, committed 14784K, reserved 1048576K
}
Event: 24.209 {metaspace After GC invocations=31 (full 0):
 Metaspace       used 96664K, committed 98496K, reserved 1179648K
  class space    used 13914K, committed 14784K, reserved 1048576K
}
Event: 24.857 {metaspace Before GC invocations=32 (full 0):
 Metaspace       used 101042K, committed 102848K, reserved 1179648K
  class space    used 14426K, committed 15296K, reserved 1048576K
}
Event: 24.863 {metaspace After GC invocations=33 (full 0):
 Metaspace       used 101042K, committed 102848K, reserved 1179648K
  class space    used 14426K, committed 15296K, reserved 1048576K
}
Event: 25.800 {metaspace Before GC invocations=33 (full 0):
 Metaspace       used 106638K, committed 108416K, reserved 1179648K
  class space    used 15167K, committed 16000K, reserved 1048576K
}
Event: 25.809 {metaspace After GC invocations=34 (full 0):
 Metaspace       used 106638K, committed 108416K, reserved 1179648K
  class space    used 15167K, committed 16000K, reserved 1048576K
}
Event: 25.900 {metaspace Before GC invocations=34 (full 0):
 Metaspace       used 107166K, committed 108928K, reserved 1179648K
  class space    used 15216K, committed 16064K, reserved 1048576K
}
Event: 25.906 {metaspace After GC invocations=35 (full 0):
 Metaspace       used 107166K, committed 108928K, reserved 1179648K
  class space    used 15216K, committed 16064K, reserved 1048576K
}
Event: 26.546 {metaspace Before GC invocations=36 (full 0):
 Metaspace       used 109143K, committed 110912K, reserved 1179648K
  class space    used 15483K, committed 16320K, reserved 1048576K
}
Event: 26.553 {metaspace After GC invocations=37 (full 0):
 Metaspace       used 109143K, committed 110912K, reserved 1179648K
  class space    used 15483K, committed 16320K, reserved 1048576K
}
Event: 27.566 {metaspace Before GC invocations=37 (full 0):
 Metaspace       used 113807K, committed 115648K, reserved 1179648K
  class space    used 16001K, committed 16896K, reserved 1048576K
}
Event: 27.573 {metaspace After GC invocations=38 (full 0):
 Metaspace       used 113807K, committed 115648K, reserved 1179648K
  class space    used 16001K, committed 16896K, reserved 1048576K
}
Event: 28.597 {metaspace Before GC invocations=38 (full 0):
 Metaspace       used 119128K, committed 120960K, reserved 1179648K
  class space    used 16532K, committed 17408K, reserved 1048576K
}
Event: 28.602 {metaspace After GC invocations=39 (full 0):
 Metaspace       used 119128K, committed 120960K, reserved 1179648K
  class space    used 16532K, committed 17408K, reserved 1048576K
}
Event: 29.893 {metaspace Before GC invocations=40 (full 0):
 Metaspace       used 123672K, committed 125504K, reserved 1179648K
  class space    used 17176K, committed 18048K, reserved 1048576K
}
Event: 29.900 {metaspace After GC invocations=41 (full 0):
 Metaspace       used 123672K, committed 125504K, reserved 1179648K
  class space    used 17176K, committed 18048K, reserved 1048576K
}
Event: 31.197 {metaspace Before GC invocations=41 (full 0):
 Metaspace       used 131972K, committed 133760K, reserved 1179648K
  class space    used 18215K, committed 19072K, reserved 1048576K
}
Event: 31.205 {metaspace After GC invocations=42 (full 0):
 Metaspace       used 131972K, committed 133760K, reserved 1179648K
  class space    used 18215K, committed 19072K, reserved 1048576K
}

Dll operation events (3 events):
Event: 0.024 Loaded shared library D:\AndroidStudio\jbr\bin\java.dll
Event: 0.030 Loaded shared library D:\AndroidStudio\jbr\bin\zip.dll
Event: 1.353 Loaded shared library D:\AndroidStudio\jbr\bin\verify.dll

Deoptimization events (20 events):
Event: 31.975 Thread 0x000001b206b42020 Uncommon trap: trap_request=0xffffffde fr.pc=0x000001b26f26df8c relative=0x000000000000018c
Event: 31.975 Thread 0x000001b206b42020 Uncommon trap: reason=class_check action=maybe_recompile pc=0x000001b26f26df8c method=org.gradle.internal.serialize.graph.codecs.BindingsBuilder$producerForSubtypesOf$1.encodingForType(Ljava/lang/Class;)Lorg/gradle/internal/serialize/graph/EncodingProvide
Event: 31.975 Thread 0x000001b206b42020 DEOPT PACKING pc=0x000001b26f26df8c sp=0x0000001cefdf6a40
Event: 31.975 Thread 0x000001b206b42020 DEOPT UNPACKING pc=0x000001b26ea07402 sp=0x0000001cefdf6978 mode 2
Event: 31.978 Thread 0x000001b206b42020 Uncommon trap: trap_request=0xffffffde fr.pc=0x000001b26f26df8c relative=0x000000000000018c
Event: 31.978 Thread 0x000001b206b42020 Uncommon trap: reason=class_check action=maybe_recompile pc=0x000001b26f26df8c method=org.gradle.internal.serialize.graph.codecs.BindingsBuilder$producerForSubtypesOf$1.encodingForType(Ljava/lang/Class;)Lorg/gradle/internal/serialize/graph/EncodingProvide
Event: 31.978 Thread 0x000001b206b42020 DEOPT PACKING pc=0x000001b26f26df8c sp=0x0000001cefdf6500
Event: 31.978 Thread 0x000001b206b42020 DEOPT UNPACKING pc=0x000001b26ea07402 sp=0x0000001cefdf6438 mode 2
Event: 32.350 Thread 0x000001b206b42020 Uncommon trap: trap_request=0xffffff45 fr.pc=0x000001b26f253278 relative=0x00000000000003f8
Event: 32.350 Thread 0x000001b206b42020 Uncommon trap: reason=unstable_if action=reinterpret pc=0x000001b26f253278 method=org.gradle.internal.reflect.PropertyAccessorType.isGetGetterName(Ljava/lang/String;)Z @ 14 c2
Event: 32.350 Thread 0x000001b206b42020 DEOPT PACKING pc=0x000001b26f253278 sp=0x0000001cefdf6c80
Event: 32.350 Thread 0x000001b206b42020 DEOPT UNPACKING pc=0x000001b26ea07402 sp=0x0000001cefdf6bd8 mode 2
Event: 32.363 Thread 0x000001b206b42020 Uncommon trap: trap_request=0xffffffde fr.pc=0x000001b26f05d340 relative=0x00000000000001c0
Event: 32.363 Thread 0x000001b206b42020 Uncommon trap: reason=class_check action=maybe_recompile pc=0x000001b26f05d340 method=java.util.stream.StreamOpFlag.fromCharacteristics(Ljava/util/Spliterator;)I @ 14 c2
Event: 32.363 Thread 0x000001b206b42020 DEOPT PACKING pc=0x000001b26f05d340 sp=0x0000001cefdf7b40
Event: 32.363 Thread 0x000001b206b42020 DEOPT UNPACKING pc=0x000001b26ea07402 sp=0x0000001cefdf7a08 mode 2
Event: 32.565 Thread 0x000001b208bd4930 DEOPT PACKING pc=0x000001b267ba1a5e sp=0x0000001cf03fe7b0
Event: 32.565 Thread 0x000001b208bd4930 DEOPT UNPACKING pc=0x000001b26e9312a2 sp=0x0000001cf03fdc50 mode 0
Event: 32.584 Thread 0x000001b208bd4930 DEOPT PACKING pc=0x000001b2680a5bc3 sp=0x0000001cf03fe260
Event: 32.584 Thread 0x000001b208bd4930 DEOPT UNPACKING pc=0x000001b26e9312a2 sp=0x0000001cf03fd7d0 mode 0

Classes loaded (20 events):
Event: 31.986 Loading class java/util/IdentityHashMap$EntrySet
Event: 31.987 Loading class java/util/IdentityHashMap$EntrySet done
Event: 31.987 Loading class java/util/IdentityHashMap$EntryIterator
Event: 31.987 Loading class java/util/IdentityHashMap$IdentityHashMapIterator
Event: 31.987 Loading class java/util/IdentityHashMap$IdentityHashMapIterator done
Event: 31.987 Loading class java/util/IdentityHashMap$EntryIterator done
Event: 31.987 Loading class java/util/IdentityHashMap$EntryIterator$Entry
Event: 31.987 Loading class java/util/IdentityHashMap$EntryIterator$Entry done
Event: 32.080 Loading class org/xml/sax/SAXParseException
Event: 32.080 Loading class org/xml/sax/SAXParseException done
Event: 32.081 Loading class org/xml/sax/Attributes
Event: 32.081 Loading class org/xml/sax/Attributes done
Event: 32.082 Loading class org/xml/sax/Locator
Event: 32.082 Loading class org/xml/sax/Locator done
Event: 32.344 Loading class java/util/function/LongUnaryOperator
Event: 32.344 Loading class java/util/function/LongUnaryOperator done
Event: 32.363 Loading class java/util/TreeMap$KeySpliterator
Event: 32.363 Loading class java/util/TreeMap$TreeMapSpliterator
Event: 32.363 Loading class java/util/TreeMap$TreeMapSpliterator done
Event: 32.363 Loading class java/util/TreeMap$KeySpliterator done

Classes unloaded (0 events):
No events

Classes redefined (0 events):
No events

Internal exceptions (20 events):
Event: 32.034 Thread 0x000001b206b42020 Exception <a 'java/lang/NoSuchMethodError'{0x0000000089769950}: 'void java.lang.invoke.Invokers$Holder.invokeExact_MT(java.lang.Object, java.lang.Object, java.lang.Object, java.lang.Object)'> (0x0000000089769950) 
thrown [s\src\hotspot\share\interpreter\linkResolver.cpp, line 815]
Event: 32.044 Thread 0x000001b206b42020 Exception <a 'java/lang/ClassNotFoundException'{0x00000000897d9830}: org/gradle/internal/serialize/codecs/core/ClosureCodec$BrokenScriptBeanInfo> (0x00000000897d9830) 
thrown [s\src\hotspot\share\classfile\systemDictionary.cpp, line 327]
Event: 32.045 Thread 0x000001b206b42020 Exception <a 'java/lang/ClassNotFoundException'{0x00000000897e93b8}: org/gradle/internal/serialize/codecs/core/ClosureCodec$BrokenScriptCustomizer> (0x00000000897e93b8) 
thrown [s\src\hotspot\share\classfile\systemDictionary.cpp, line 327]
Event: 32.048 Thread 0x000001b206b42020 Exception <a 'java/lang/ClassNotFoundException'{0x000000008960f928}: org/gradle/api/invocation/GradleBeanInfo> (0x000000008960f928) 
thrown [s\src\hotspot\share\classfile\systemDictionary.cpp, line 327]
Event: 32.048 Thread 0x000001b206b42020 Exception <a 'java/lang/ClassNotFoundException'{0x000000008961bf48}: org/gradle/api/invocation/GradleCustomizer> (0x000000008961bf48) 
thrown [s\src\hotspot\share\classfile\systemDictionary.cpp, line 327]
Event: 32.051 Thread 0x000001b206b42020 Exception <a 'java/lang/NoSuchMethodError'{0x000000008963b058}: 'void java.lang.invoke.Invokers$Holder.invokeExact_MT(java.lang.Object, java.lang.Object, int, java.lang.Object)'> (0x000000008963b058) 
thrown [s\src\hotspot\share\interpreter\linkResolver.cpp, line 815]
Event: 32.054 Thread 0x000001b206b42020 Exception <a 'java/lang/NoSuchMethodError'{0x0000000089659190}: 'void java.lang.invoke.Invokers$Holder.invokeExact_MT(java.lang.Object, java.lang.Object, long, java.lang.Object)'> (0x0000000089659190) 
thrown [s\src\hotspot\share\interpreter\linkResolver.cpp, line 815]
Event: 32.069 Thread 0x000001b206b42020 Exception <a 'java/lang/ClassNotFoundException'{0x000000008956cd78}: org/gradle/api/internal/project/DefaultProject_DecoratedBeanInfo> (0x000000008956cd78) 
thrown [s\src\hotspot\share\classfile\systemDictionary.cpp, line 327]
Event: 32.069 Thread 0x000001b206b42020 Exception <a 'java/lang/ClassNotFoundException'{0x0000000089579458}: org/gradle/api/internal/project/DefaultProjectBeanInfo> (0x0000000089579458) 
thrown [s\src\hotspot\share\classfile\systemDictionary.cpp, line 327]
Event: 32.070 Thread 0x000001b206b42020 Exception <a 'java/lang/ClassNotFoundException'{0x0000000089585d40}: org/gradle/api/internal/project/DefaultProjectCustomizer> (0x0000000089585d40) 
thrown [s\src\hotspot\share\classfile\systemDictionary.cpp, line 327]
Event: 32.076 Thread 0x000001b206b42020 Exception <a 'java/lang/ClassNotFoundException'{0x0000000089436560}: org/gradle/api/internal/project/DefaultProject_DecoratedCustomizer> (0x0000000089436560) 
thrown [s\src\hotspot\share\classfile\systemDictionary.cpp, line 327]
Event: 32.344 Thread 0x000001b206b42020 Exception <a 'java/lang/NoSuchMethodError'{0x0000000088b64298}: 'long java.lang.invoke.DirectMethodHandle$Holder.invokeStatic(java.lang.Object, long)'> (0x0000000088b64298) 
thrown [s\src\hotspot\share\interpreter\linkResolver.cpp, line 815]
Event: 32.484 Thread 0x000001b206b42020 Exception <a 'sun/nio/fs/WindowsException'{0x000000008864c010}> (0x000000008864c010) 
thrown [s\src\hotspot\share\prims\jni.cpp, line 535]
Event: 32.539 Thread 0x000001b206b42020 Exception <a 'sun/nio/fs/WindowsException'{0x000000008865fb70}> (0x000000008865fb70) 
thrown [s\src\hotspot\share\prims\jni.cpp, line 535]
Event: 32.555 Thread 0x000001b206b42020 Exception <a 'sun/nio/fs/WindowsException'{0x000000008867bee0}> (0x000000008867bee0) 
thrown [s\src\hotspot\share\prims\jni.cpp, line 535]
Event: 32.570 Thread 0x000001b206b42020 Exception <a 'sun/nio/fs/WindowsException'{0x00000000886da540}> (0x00000000886da540) 
thrown [s\src\hotspot\share\prims\jni.cpp, line 535]
Event: 32.603 Thread 0x000001b206b42020 Exception <a 'sun/nio/fs/WindowsException'{0x0000000088568c08}> (0x0000000088568c08) 
thrown [s\src\hotspot\share\prims\jni.cpp, line 535]
Event: 32.614 Thread 0x000001b206b42020 Exception <a 'sun/nio/fs/WindowsException'{0x000000008856eaf0}> (0x000000008856eaf0) 
thrown [s\src\hotspot\share\prims\jni.cpp, line 535]
Event: 32.616 Thread 0x000001b206b42020 Exception <a 'sun/nio/fs/WindowsException'{0x000000008857f5e8}> (0x000000008857f5e8) 
thrown [s\src\hotspot\share\prims\jni.cpp, line 535]
Event: 32.636 Thread 0x000001b206b42020 Exception <a 'sun/nio/fs/WindowsException'{0x0000000088599448}> (0x0000000088599448) 
thrown [s\src\hotspot\share\prims\jni.cpp, line 535]

VM Operations (20 events):
Event: 29.893 Executing safepoint VM operation: G1CollectForAllocation (G1 Evacuation Pause)
Event: 29.900 Executing safepoint VM operation: G1CollectForAllocation (G1 Evacuation Pause) done
Event: 30.015 Executing non-safepoint VM operation: HandshakeAllThreads (Deoptimize)
Event: 30.015 Executing non-safepoint VM operation: HandshakeAllThreads (Deoptimize) done
Event: 30.066 Executing non-safepoint VM operation: HandshakeAllThreads (Deoptimize)
Event: 30.067 Executing non-safepoint VM operation: HandshakeAllThreads (Deoptimize) done
Event: 30.388 Executing non-safepoint VM operation: HandshakeAllThreads (Deoptimize)
Event: 30.388 Executing non-safepoint VM operation: HandshakeAllThreads (Deoptimize) done
Event: 30.435 Executing non-safepoint VM operation: HandshakeAllThreads (Deoptimize)
Event: 30.435 Executing non-safepoint VM operation: HandshakeAllThreads (Deoptimize) done
Event: 30.624 Executing non-safepoint VM operation: HandshakeAllThreads (Deoptimize)
Event: 30.624 Executing non-safepoint VM operation: HandshakeAllThreads (Deoptimize) done
Event: 30.675 Executing non-safepoint VM operation: HandshakeAllThreads (Deoptimize)
Event: 30.675 Executing non-safepoint VM operation: HandshakeAllThreads (Deoptimize) done
Event: 31.197 Executing safepoint VM operation: G1CollectForAllocation (G1 Evacuation Pause)
Event: 31.205 Executing safepoint VM operation: G1CollectForAllocation (G1 Evacuation Pause) done
Event: 31.645 Executing non-safepoint VM operation: HandshakeAllThreads (Deoptimize)
Event: 31.645 Executing non-safepoint VM operation: HandshakeAllThreads (Deoptimize) done
Event: 31.892 Executing non-safepoint VM operation: HandshakeAllThreads (Deoptimize)
Event: 31.892 Executing non-safepoint VM operation: HandshakeAllThreads (Deoptimize) done

Memory protections (0 events):
No events

Nmethod flushes (20 events):
Event: 28.716 Thread 0x000001b27ba95540 flushing  nmethod 0x000001b2676ea908
Event: 28.716 Thread 0x000001b27ba95540 flushing  nmethod 0x000001b26784b108
Event: 28.716 Thread 0x000001b27ba95540 flushing  nmethod 0x000001b267a9aa88
Event: 28.716 Thread 0x000001b27ba95540 flushing  nmethod 0x000001b267bf7f08
Event: 28.716 Thread 0x000001b27ba95540 flushing  nmethod 0x000001b267c41488
Event: 28.716 Thread 0x000001b27ba95540 flushing  nmethod 0x000001b267c9fa08
Event: 28.716 Thread 0x000001b27ba95540 flushing  nmethod 0x000001b267c9fd08
Event: 28.716 Thread 0x000001b27ba95540 flushing  nmethod 0x000001b267ca1908
Event: 28.716 Thread 0x000001b27ba95540 flushing  nmethod 0x000001b267cf4588
Event: 28.716 Thread 0x000001b27ba95540 flushing  nmethod 0x000001b267d42488
Event: 28.716 Thread 0x000001b27ba95540 flushing  nmethod 0x000001b26f030788
Event: 28.716 Thread 0x000001b27ba95540 flushing  nmethod 0x000001b26742c708
Event: 28.716 Thread 0x000001b27ba95540 flushing  nmethod 0x000001b26754e888
Event: 28.716 Thread 0x000001b27ba95540 flushing  nmethod 0x000001b26757ee08
Event: 28.716 Thread 0x000001b27ba95540 flushing  nmethod 0x000001b267598988
Event: 28.716 Thread 0x000001b27ba95540 flushing  nmethod 0x000001b267840088
Event: 28.716 Thread 0x000001b27ba95540 flushing  nmethod 0x000001b2679aa908
Event: 28.716 Thread 0x000001b27ba95540 flushing  nmethod 0x000001b267abab08
Event: 28.716 Thread 0x000001b27ba95540 flushing  nmethod 0x000001b267af9488
Event: 28.716 Thread 0x000001b27ba95540 flushing  nmethod 0x000001b267c38b08

Events (20 events):
Event: 21.987 Thread 0x000001b2127cbdc0 Thread exited: 0x000001b2127cbdc0
Event: 22.416 Thread 0x000001b27bb04ce0 Thread added: 0x000001b2127ccde0
Event: 22.649 Thread 0x000001b2127ccde0 Thread exited: 0x000001b2127ccde0
Event: 24.155 Thread 0x000001b27bb04ce0 Thread added: 0x000001b2127ccde0
Event: 24.273 Thread 0x000001b2127ccde0 Thread exited: 0x000001b2127ccde0
Event: 24.781 Thread 0x000001b27bb04ce0 Thread added: 0x000001b2127cc5d0
Event: 25.190 Thread 0x000001b2127cc5d0 Thread exited: 0x000001b2127cc5d0
Event: 25.286 Thread 0x000001b27bb04ce0 Thread added: 0x000001b2127cc5d0
Event: 25.514 Thread 0x000001b2127cc5d0 Thread exited: 0x000001b2127cc5d0
Event: 25.946 Thread 0x000001b27bb04ce0 Thread added: 0x000001b2127cee20
Event: 25.947 Thread 0x000001b27bb04ce0 Thread added: 0x000001b2127cf630
Event: 26.438 Thread 0x000001b2127cf630 Thread exited: 0x000001b2127cf630
Event: 27.183 Thread 0x000001b2127cee20 Thread exited: 0x000001b2127cee20
Event: 27.469 Thread 0x000001b27bb04ce0 Thread added: 0x000001b2127cc5d0
Event: 27.779 Thread 0x000001b2127cc5d0 Thread exited: 0x000001b2127cc5d0
Event: 28.322 Thread 0x000001b27bb04ce0 Thread added: 0x000001b2127cee20
Event: 29.020 Thread 0x000001b2127cee20 Thread exited: 0x000001b2127cee20
Event: 29.081 Thread 0x000001b27bb04ce0 Thread added: 0x000001b2127cbdc0
Event: 29.465 Thread 0x000001b2127cbdc0 Thread exited: 0x000001b2127cbdc0
Event: 31.245 Thread 0x000001b27bb04ce0 Thread added: 0x000001b2127d2690


Dynamic libraries:
0x00007ff7b3160000 - 0x00007ff7b316a000 	D:\AndroidStudio\jbr\bin\java.exe
0x00007ffd23540000 - 0x00007ffd237a9000 	C:\WINDOWS\SYSTEM32\ntdll.dll
0x00007ffd222d0000 - 0x00007ffd22399000 	C:\WINDOWS\System32\KERNEL32.DLL
0x00007ffd20d80000 - 0x00007ffd21173000 	C:\WINDOWS\System32\KERNELBASE.dll
0x00007ffd20780000 - 0x00007ffd208cb000 	C:\WINDOWS\System32\ucrtbase.dll
0x00007ffd1ae50000 - 0x00007ffd1ae6b000 	D:\AndroidStudio\jbr\bin\VCRUNTIME140.dll
0x00007ffd091b0000 - 0x00007ffd091c6000 	D:\AndroidStudio\jbr\bin\jli.dll
0x00007ffd22c80000 - 0x00007ffd22e44000 	C:\WINDOWS\System32\USER32.dll
0x00007ffd21220000 - 0x00007ffd21247000 	C:\WINDOWS\System32\win32u.dll
0x00007ffd03c60000 - 0x00007ffd03ef3000 	C:\WINDOWS\WinSxS\amd64_microsoft.windows.common-controls_6595b64144ccf1df_6.0.26100.5074_none_3e0d6f78e32fd63f\COMCTL32.dll
0x00007ffd22c40000 - 0x00007ffd22c6b000 	C:\WINDOWS\System32\GDI32.dll
0x00007ffd22ef0000 - 0x00007ffd22f99000 	C:\WINDOWS\System32\msvcrt.dll
0x00007ffd208d0000 - 0x00007ffd209fd000 	C:\WINDOWS\System32\gdi32full.dll
0x00007ffd206d0000 - 0x00007ffd20773000 	C:\WINDOWS\System32\msvcp_win.dll
0x00007ffd224b0000 - 0x00007ffd224df000 	C:\WINDOWS\System32\IMM32.DLL
0x00007ffd1d0b0000 - 0x00007ffd1d0bc000 	D:\AndroidStudio\jbr\bin\vcruntime140_1.dll
0x00007ffd04050000 - 0x00007ffd040dd000 	D:\AndroidStudio\jbr\bin\msvcp140.dll
0x00007ffc6f2a0000 - 0x00007ffc7017a000 	D:\AndroidStudio\jbr\bin\server\jvm.dll
0x00007ffd21460000 - 0x00007ffd21514000 	C:\WINDOWS\System32\ADVAPI32.dll
0x00007ffd21520000 - 0x00007ffd215c6000 	C:\WINDOWS\System32\sechost.dll
0x00007ffd21a80000 - 0x00007ffd21b98000 	C:\WINDOWS\System32\RPCRT4.dll
0x00007ffd22fa0000 - 0x00007ffd23014000 	C:\WINDOWS\System32\WS2_32.dll
0x00007ffd20530000 - 0x00007ffd2058e000 	C:\WINDOWS\SYSTEM32\POWRPROF.dll
0x00007ffd10ec0000 - 0x00007ffd10ecb000 	C:\WINDOWS\SYSTEM32\VERSION.dll
0x00007ffd06520000 - 0x00007ffd06555000 	C:\WINDOWS\SYSTEM32\WINMM.dll
0x00007ffd20510000 - 0x00007ffd20524000 	C:\WINDOWS\SYSTEM32\UMPDC.dll
0x00007ffd1f4b0000 - 0x00007ffd1f4cb000 	C:\WINDOWS\SYSTEM32\kernel.appcore.dll
0x00007ffd1cf20000 - 0x00007ffd1cf2a000 	D:\AndroidStudio\jbr\bin\jimage.dll
0x00007ffd1da70000 - 0x00007ffd1dcb2000 	C:\WINDOWS\SYSTEM32\DBGHELP.DLL
0x00007ffd21ba0000 - 0x00007ffd21f1b000 	C:\WINDOWS\System32\combase.dll
0x00007ffd21f90000 - 0x00007ffd22067000 	C:\WINDOWS\System32\OLEAUT32.dll
0x00007ffce4e90000 - 0x00007ffce4ecd000 	C:\WINDOWS\SYSTEM32\dbgcore.DLL
0x00007ffd21180000 - 0x00007ffd21219000 	C:\WINDOWS\System32\bcryptPrimitives.dll
0x00007ffd092c0000 - 0x00007ffd092ce000 	D:\AndroidStudio\jbr\bin\instrument.dll
0x00007ffd1ae30000 - 0x00007ffd1ae4f000 	D:\AndroidStudio\jbr\bin\java.dll
0x00007ffd23180000 - 0x00007ffd23318000 	C:\WINDOWS\System32\ole32.dll
0x00007ffd224f0000 - 0x00007ffd22c3d000 	C:\WINDOWS\System32\SHELL32.dll
0x00007ffd20a00000 - 0x00007ffd20b6c000 	C:\WINDOWS\System32\wintypes.dll
0x00007ffd1ae10000 - 0x00007ffd1ae27000 	D:\AndroidStudio\jbr\bin\zip.dll
0x00007ffd1e330000 - 0x00007ffd1eb89000 	C:\WINDOWS\SYSTEM32\windows.storage.dll
0x00007ffd223b0000 - 0x00007ffd224a0000 	C:\WINDOWS\System32\SHCORE.dll
0x00007ffd21f20000 - 0x00007ffd21f82000 	C:\WINDOWS\System32\shlwapi.dll
0x00007ffd205f0000 - 0x00007ffd20619000 	C:\WINDOWS\SYSTEM32\profapi.dll
0x00007ffd1ca40000 - 0x00007ffd1ca50000 	D:\AndroidStudio\jbr\bin\net.dll
0x00007ffd1fa30000 - 0x00007ffd1fa9b000 	C:\WINDOWS\system32\mswsock.dll
0x00007ffd1ad70000 - 0x00007ffd1ad86000 	D:\AndroidStudio\jbr\bin\nio.dll
0x00007ffd09600000 - 0x00007ffd09610000 	D:\AndroidStudio\jbr\bin\verify.dll
0x00007ffd04020000 - 0x00007ffd04047000 	C:\Users\USER\.gradle\native\660c5614fbf4a5f2a75b1949f50a0caf5cd603558e7d8a26e50b933a0cfb79d1\windows-amd64\native-platform.dll
0x00007ffce4c30000 - 0x00007ffce4ca7000 	C:\Users\USER\.gradle\native\0.2.8\x86_64-windows-gnu\gradle-fileevents.dll
0x00007ffd11700000 - 0x00007ffd11709000 	D:\AndroidStudio\jbr\bin\management.dll
0x00007ffd115a0000 - 0x00007ffd115ab000 	D:\AndroidStudio\jbr\bin\management_ext.dll
0x00007ffd223a0000 - 0x00007ffd223a8000 	C:\WINDOWS\System32\PSAPI.DLL
0x00007ffd1ef60000 - 0x00007ffd1ef94000 	C:\WINDOWS\SYSTEM32\IPHLPAPI.DLL
0x00007ffd21310000 - 0x00007ffd2131a000 	C:\WINDOWS\System32\NSI.dll
0x00007ffd14ec0000 - 0x00007ffd14ec9000 	D:\AndroidStudio\jbr\bin\extnet.dll
0x00007ffd1fcd0000 - 0x00007ffd1fceb000 	C:\WINDOWS\SYSTEM32\CRYPTSP.dll
0x00007ffd1f410000 - 0x00007ffd1f44b000 	C:\WINDOWS\system32\rsaenh.dll
0x00007ffd1fad0000 - 0x00007ffd1fafb000 	C:\WINDOWS\SYSTEM32\USERENV.dll
0x00007ffd205c0000 - 0x00007ffd205e6000 	C:\WINDOWS\SYSTEM32\bcrypt.dll
0x00007ffd1fcf0000 - 0x00007ffd1fcfc000 	C:\WINDOWS\SYSTEM32\CRYPTBASE.dll
0x00007ffd1ad60000 - 0x00007ffd1ad68000 	C:\WINDOWS\system32\wshunix.dll

JVMTI agents:
C:\Users\USER\.gradle\wrapper\dists\gradle-9.5.0-bin\bvnork1r7n8i6kp5cnkibsc9q\gradle-9.5.0\lib\agents\gradle-instrumentation-agent-9.5.0.jar path:D:\AndroidStudio\jbr\bin\instrument.dll, loaded, initialized, instrumentlib options:none

dbghelp: loaded successfully - version: 4.0.5 - missing functions: none
symbol engine: initialized successfully - sym options: 0x614 - pdb path: .;D:\AndroidStudio\jbr\bin;C:\WINDOWS\SYSTEM32;C:\WINDOWS\WinSxS\amd64_microsoft.windows.common-controls_6595b64144ccf1df_6.0.26100.5074_none_3e0d6f78e32fd63f;D:\AndroidStudio\jbr\bin\server;C:\Users\USER\.gradle\native\660c5614fbf4a5f2a75b1949f50a0caf5cd603558e7d8a26e50b933a0cfb79d1\windows-amd64;C:\Users\USER\.gradle\native\0.2.8\x86_64-windows-gnu

VM Arguments:
jvm_args: --add-opens=java.base/java.lang=ALL-UNNAMED --add-opens=java.base/java.lang.invoke=ALL-UNNAMED --add-opens=java.base/java.util=ALL-UNNAMED --add-opens=java.prefs/java.util.prefs=ALL-UNNAMED --add-exports=jdk.compiler/com.sun.tools.javac.api=ALL-UNNAMED --add-exports=jdk.compiler/com.sun.tools.javac.util=ALL-UNNAMED --add-opens=java.base/java.nio.charset=ALL-UNNAMED --add-opens=java.base/java.net=ALL-UNNAMED --add-opens=java.base/java.util.concurrent=ALL-UNNAMED --add-opens=java.base/java.util.concurrent.atomic=ALL-UNNAMED --add-opens=java.xml/javax.xml.namespace=ALL-UNNAMED --add-opens=java.base/java.time=ALL-UNNAMED --enable-native-access=ALL-UNNAMED -Xmx2048m -Dfile.encoding=UTF-8 -Duser.country=ID -Duser.language=en -Duser.variant -javaagent:C:\Users\USER\.gradle\wrapper\dists\gradle-9.5.0-bin\bvnork1r7n8i6kp5cnkibsc9q\gradle-9.5.0\lib\agents\gradle-instrumentation-agent-9.5.0.jar 
java_command: org.gradle.launcher.daemon.bootstrap.GradleDaemon 9.5.0
java_class_path (initial): C:\Users\USER\.gradle\wrapper\dists\gradle-9.5.0-bin\bvnork1r7n8i6kp5cnkibsc9q\gradle-9.5.0\lib\gradle-daemon-main-9.5.0.jar
Launcher Type: SUN_STANDARD

[Global flags]
     intx CICompilerCount                          = 4                                         {product} {ergonomic}
     uint ConcGCThreads                            = 2                                         {product} {ergonomic}
     uint G1ConcRefinementThreads                  = 8                                         {product} {ergonomic}
   size_t G1HeapRegionSize                         = 1048576                                   {product} {ergonomic}
   size_t InitialHeapSize                          = 130023424                                 {product} {ergonomic}
   size_t MarkStackSize                            = 4194304                                   {product} {ergonomic}
   size_t MarkStackSizeMax                         = 536870912                                 {product} {ergonomic}
   size_t MaxHeapSize                              = 2147483648                                {product} {command line}
   size_t MaxNewSize                               = 1287651328                                {product} {ergonomic}
   size_t MinHeapDeltaBytes                        = 1048576                                   {product} {ergonomic}
   size_t MinHeapSize                              = 8388608                                   {product} {ergonomic}
    uintx NonNMethodCodeHeapSize                   = 5832704                                {pd product} {ergonomic}
    uintx NonProfiledCodeHeapSize                  = 122945536                              {pd product} {ergonomic}
    uintx ProfiledCodeHeapSize                     = 122880000                              {pd product} {ergonomic}
    uintx ReservedCodeCacheSize                    = 251658240                              {pd product} {ergonomic}
     bool SegmentedCodeCache                       = true                                      {product} {ergonomic}
   size_t SoftMaxHeapSize                          = 2147483648                             {manageable} {ergonomic}
     bool UseCompressedOops                        = true                           {product lp64_product} {ergonomic}
     bool UseG1GC                                  = true                                      {product} {ergonomic}
     bool UseLargePagesIndividualAllocation        = false                                  {pd product} {ergonomic}

Logging:
Log output configuration:
 #0: stdout all=warning uptime,level,tags foldmultilines=false
 #1: stderr all=off uptime,level,tags foldmultilines=false

Release file:
JAVA_VERSION="25.0.2" 
MODULES="java.base java.compiler java.datatransfer java.xml java.prefs java.desktop java.instrument java.logging java.management java.security.sasl java.naming java.rmi java.management.rmi java.net.http java.scripting java.security.jgss java.transaction.xa java.sql java.sql.rowset java.xml.crypto java.se java.smartcardio jdk.accessibility jdk.internal.jvmstat jdk.attach jdk.charsets jdk.internal.opt jdk.zipfs jdk.compiler jdk.crypto.cryptoki jdk.crypto.ec jdk.dynalink jdk.hotspot.agent jdk.httpserver jdk.internal.ed jdk.internal.le jdk.internal.md jdk.internal.vm.ci jdk.jartool jdk.javadoc jdk.jcmd jdk.jdeps jdk.jdwp.agent jdk.jdi jdk.jfr jdk.jlink jdk.localedata jdk.management jdk.management.agent jdk.management.jfr jdk.naming.dns jdk.naming.rmi jdk.net jdk.sctp jdk.security.auth jdk.security.jgss jdk.unsupported jdk.unsupported.desktop jdk.xml.dom" 
IMPLEMENTOR="JetBrains s.r.o." 
JAVA_RUNTIME_VERSION="25.0.2+-15348964-b329.117" 
LIBC="default" 
OS_ARCH="x86_64" 
OS_NAME="Windows" 
SOURCE=".:git:3cf398e84a39" 

Environment Variables:
JAVA_HOME=C:\Program Files\OpenLogic\jre-21.0.4.7-hotspot\
PATH=C:\Program Files\Eclipse Adoptium\jdk-21.0.4.7-hotspot\bin;C:\Program Files\Common Files\Oracle\Java\javapath;C:\Program Files\OpenLogic\jre-21.0.4.7-hotspot\bin;C:\WINDOWS\system32;C:\WINDOWS;C:\WINDOWS\System32\Wbem;C:\WINDOWS\System32\WindowsPowerShell\v1.0\;C:\WINDOWS\System32\OpenSSH\;D:\xampp\php;C:\ProgramData\ComposerSetup\bin;D:\Program Files\Git\cmd;D:\Program Files\nodejs\;C:\Users\USER\AppData\Local\Microsoft\WindowsApps;C:\Users\USER\AppData\Local\Programs\Microsoft VS Code\bin;D:\Users\USER\composer;C:\Users\USER\AppData\Roaming\Composer\vendor\bin;C:\Users\USER\AppData\Roaming\npm;C:\Program Files\nodejs\;
USERNAME=USER
OS=Windows_NT
PROCESSOR_IDENTIFIER=Intel64 Family 6 Model 140 Stepping 1, GenuineIntel
TMP=C:\Users\USER\AppData\Local\Temp
TEMP=C:\Users\USER\AppData\Local\Temp




Compilation memory statistics disabled.

Periodic native trim disabled

JNI global refs:
JNI global refs: 23, weak refs: 1

JNI global refs memory usage: 835, weak refs: 833

Process memory usage:
Resident Set Size: 484248K (6% of 8019480K total physical memory with 617860K free physical memory)

OOME stack traces (most recent first):
Classloader memory used:
Loader org.gradle.internal.classloader.VisitableURLClassLoader                         : 100354 K
Loader bootstrap                                                                       : 23765 K
Loader org.gradle.initialization.MixInLegacyTypesClassLoader                           : 10462 K
Loader org.gradle.internal.classloader.VisitableURLClassLoader                         : 1036 K
Loader org.gradle.internal.classloader.VisitableURLClassLoader$InstrumentingVisitableURLClassLoader: 711 K
Loader jdk.internal.jrtfs.JrtFileSystemProvider$JrtFsLoader                            : 318 K
Loader jdk.internal.loader.ClassLoaders$PlatformClassLoader                            : 197 K
Loader jdk.internal.loader.ClassLoaders$AppClassLoader                                 : 186 K
Loader org.gradle.groovy.scripts.internal.DefaultScriptCompilationHandler$ScriptClassLoader: 89776 B

Classes loaded by more than one classloader:
Class org.gradle.internal.IoActions                                                   : loaded 3 times (x 73B)
Class org.gradle.api.Action                                                           : loaded 3 times (x 72B)
Class org.gradle.internal.Cast                                                        : loaded 3 times (x 73B)
Class org.gradle.api.GradleException                                                  : loaded 3 times (x 84B)
Class Program                                                                         : loaded 3 times (x 74B)
Class com.google.common.collect.UnmodifiableListIterator                              : loaded 2 times (x 97B)
Class org.gradle.internal.operations.MultipleBuildOperationFailures                   : loaded 2 times (x 97B)
Class sync_studio_tooling11_17lo5z63cdnn26ja3mvjl4g12                                 : loaded 2 times (x 173B)
Class org.gradle.internal.classloader.DefaultClassLoaderFactory                       : loaded 2 times (x 84B)
Class kotlin.collections.AbstractList$Companion                                       : loaded 2 times (x 73B)
Class org.gradle.tooling.internal.gradle.DefaultProjectIdentifier                     : loaded 2 times (x 88B)
Class org.gradle.api.internal.DefaultClassPathProvider                                : loaded 2 times (x 78B)
Class [Lorg.gradle.api.internal.ClassPathProvider;                                    : loaded 2 times (x 71B)
Class org.gradle.api.internal.ClassPathProvider                                       : loaded 2 times (x 72B)
Class org.gradle.internal.service.UnknownServiceException                             : loaded 2 times (x 85B)
Class org.gradle.internal.classpath.TransformedClassPath                              : loaded 2 times (x 98B)
Class org.gradle.internal.classloader.InstrumentingClassLoader                        : loaded 2 times (x 72B)
Class com.google.common.collect.Iterators$ArrayItr                                    : loaded 2 times (x 99B)
Class kotlin.enums.EnumEntriesList                                                    : loaded 2 times (x 225B)
Class com.google.common.collect.UnmodifiableIterator                                  : loaded 2 times (x 82B)
Class org.gradle.internal.service.ServiceLocator                                      : loaded 2 times (x 72B)
Class jdk.internal.jrtfs.JrtFileSystemProvider                                        : loaded 2 times (x 103B)
Class com.intellij.gradle.toolingExtension.util.GradleVersionUtil                     : loaded 2 times (x 73B)
Class com.google.common.collect.Iterators$SingletonIterator                           : loaded 2 times (x 83B)
Class org.gradle.tooling.model.UnsupportedMethodException                             : loaded 2 times (x 84B)
Class com.google.common.collect.Iterators                                             : loaded 2 times (x 73B)
Class jdk.internal.jimage.ImageLocation                                               : loaded 2 times (x 92B)
Class com.google.common.collect.Lists$StringAsImmutableList                           : loaded 2 times (x 209B)
Class jdk.internal.jimage.ImageBufferCache$1                                          : loaded 2 times (x 84B)
Class org.gradle.internal.time.DefaultTimer                                           : loaded 2 times (x 82B)
Class jdk.internal.jimage.ImageBufferCache$2                                          : loaded 2 times (x 93B)
Class ijInit1_2l42ij0m6akgsjmkikp9iz06h$_run_closure1                                 : loaded 2 times (x 141B)
Class org.gradle.api.internal.classpath.DefaultModuleRegistry$DefaultModule           : loaded 2 times (x 84B)
Class com.google.common.collect.AbstractIterator                                      : loaded 2 times (x 84B)
Class com.google.common.collect.AbstractIndexedListIterator                           : loaded 2 times (x 98B)
Class org.gradle.internal.time.DefaultCountdownTimer                                  : loaded 2 times (x 90B)
Class org.gradle.tooling.internal.gradle.DefaultBuildIdentifier                       : loaded 2 times (x 81B)
Class org.gradle.api.internal.classpath.Module                                        : loaded 2 times (x 72B)
Class org.gradle.api.internal.classpath.UnknownModuleException                        : loaded 2 times (x 84B)
Class jdk.internal.jimage.ImageHeader                                                 : loaded 2 times (x 73B)
Class org.gradle.tooling.internal.gradle.GradleProjectIdentity                        : loaded 2 times (x 72B)
Class org.gradle.api.internal.DefaultClassPathRegistry                                : loaded 2 times (x 78B)
Class org.gradle.internal.classpath.DefaultClassPath$ImmutableUniqueList              : loaded 2 times (x 201B)
Class org.gradle.api.internal.ClassPathRegistry                                       : loaded 2 times (x 72B)
Class jdk.internal.jimage.decompressor.ResourceDecompressor                           : loaded 2 times (x 72B)
Class jdk.internal.jimage.decompressor.StringSharingDecompressorFactory               : loaded 2 times (x 76B)
Class Settings_gradle$1                                                               : loaded 2 times (x 76B)
Class org.gradle.internal.classpath.ClassPath                                         : loaded 2 times (x 72B)
Class org.gradle.api.internal.classpath.DefaultModuleRegistry$DefaultModuleAlias      : loaded 2 times (x 82B)
Class jdk.internal.jimage.ImageStringsReader                                          : loaded 2 times (x 82B)
Class com.google.common.collect.Iterators$1                                           : loaded 2 times (x 83B)
Class org.gradle.tooling.model.Model                                                  : loaded 2 times (x 72B)
Class kotlin.UninitializedPropertyAccessException                                     : loaded 2 times (x 84B)
Class jdk.internal.jimage.ImageReader                                                 : loaded 2 times (x 77B)
Class org.gradle.internal.classloader.ClassLoaderHierarchy                            : loaded 2 times (x 72B)
Class com.google.common.collect.Iterators$4                                           : loaded 2 times (x 84B)
Class org.gradle.api.internal.classpath.ModuleRegistry                                : loaded 2 times (x 72B)
Class org.gradle.internal.installation.GradleInstallation$1                           : loaded 2 times (x 77B)
Class jdk.internal.jimage.decompressor.ResourceDecompressorFactory                    : loaded 2 times (x 76B)
Class com.google.common.collect.Iterators$5                                           : loaded 2 times (x 84B)
Class jdk.internal.jimage.ImageReader$Node                                            : loaded 2 times (x 86B)
Class com.google.common.collect.ImmutableCollection                                   : loaded 2 times (x 127B)
Class org.gradle.tooling.model.idea.BasicIdeaProject                                  : loaded 2 times (x 72B)
Class org.gradle.api.internal.classpath.DefaultModuleRegistry                         : loaded 2 times (x 86B)
Class jdk.internal.jimage.BasicImageReader$1                                          : loaded 2 times (x 79B)
Class com.google.common.collect.Lists                                                 : loaded 2 times (x 73B)
Class com.google.common.collect.Iterators$9                                           : loaded 2 times (x 83B)
Class org.gradle.tooling.model.GradleProject                                          : loaded 2 times (x 72B)
Class jdk.internal.jimage.decompressor.Decompressor                                   : loaded 2 times (x 74B)
Class org.gradle.internal.time.MonotonicClock                                         : loaded 2 times (x 79B)
Class org.gradle.internal.service.ServiceLookupException                              : loaded 2 times (x 84B)
Class org.gradle.internal.classloader.ClassLoaderFactory                              : loaded 2 times (x 72B)
Class org.gradle.internal.service.CachingServiceLocator                               : loaded 2 times (x 84B)
Class org.gradle.internal.time.TimeSource                                             : loaded 2 times (x 72B)
Class sync_studio_tooling11_17lo5z63cdnn26ja3mvjl4g12$_run_closure1                   : loaded 2 times (x 140B)
Class org.gradle.tooling.internal.gradle.GradleBuildIdentity                          : loaded 2 times (x 72B)
Class kotlin.enums.EnumEntries                                                        : loaded 2 times (x 72B)
Class org.gradle.internal.exceptions.ResolutionProvider                               : loaded 2 times (x 72B)
Class jdk.internal.jimage.ImageBufferCache                                            : loaded 2 times (x 73B)
Class jdk.internal.jrtfs.JrtPath                                                      : loaded 2 times (x 124B)
Class org.gradle.tooling.model.ProjectIdentifier                                      : loaded 2 times (x 72B)
Class org.gradle.internal.classloader.ClasspathUtil                                   : loaded 2 times (x 73B)
Class org.gradle.internal.time.TimeSource$1                                           : loaded 2 times (x 79B)
Class kotlin.jvm.internal.DefaultConstructorMarker                                    : loaded 2 times (x 73B)
Class org.gradle.api.specs.Spec                                                       : loaded 2 times (x 72B)
Class jdk.internal.jimage.decompressor.ResourceDecompressorRepository                 : loaded 2 times (x 73B)
Class com.intellij.gradle.toolingExtension.impl.model.utilDummyModel.DummyModel       : loaded 2 times (x 72B)
Class org.gradle.internal.time.Clock                                                  : loaded 2 times (x 72B)
Class org.gradle.tooling.model.BuildModel                                             : loaded 2 times (x 72B)
Class jdk.internal.jimage.ImageReader$Directory                                       : loaded 2 times (x 86B)
Class org.gradle.tooling.model.Element                                                : loaded 2 times (x 72B)
Class kotlin.collections.AbstractList                                                 : loaded 2 times (x 199B)
Class kotlin.collections.AbstractCollection                                           : loaded 2 times (x 119B)
Class org.gradle.internal.classloader.VisitableURLClassLoader$InstrumentingVisitableURLClassLoader: loaded 2 times (x 124B)
Class org.gradle.internal.classloader.VisitableURLClassLoader$Spec                    : loaded 2 times (x 76B)
Class org.gradle.internal.classpath.DefaultClassPath                                  : loaded 2 times (x 92B)
Class jdk.internal.jimage.decompressor.ZipDecompressorFactory                         : loaded 2 times (x 76B)
Class org.gradle.util.internal.DefaultGradleVersion                                   : loaded 2 times (x 84B)
Class org.gradle.internal.classloader.ClassLoaderSpec                                 : loaded 2 times (x 73B)
Class Settings_gradle$1$1                                                             : loaded 2 times (x 76B)
Class org.gradle.api.internal.classpath.Module$ModuleAlias                            : loaded 2 times (x 72B)
Class org.gradle.internal.classloader.VisitableURLClassLoader                         : loaded 2 times (x 118B)
Class Settings_gradle                                                                 : loaded 2 times (x 126B)
Class jdk.internal.jimage.BasicImageReader                                            : loaded 2 times (x 97B)
Class org.gradle.internal.classloader.FilteringClassLoader                            : loaded 2 times (x 106B)
Class org.gradle.tooling.model.eclipse.EclipseProject                                 : loaded 2 times (x 72B)
Class jdk.internal.jimage.decompressor.ZipDecompressor                                : loaded 2 times (x 77B)
Class org.gradle.internal.classpath.DefaultClassPath$ImmutableUniqueList$Builder      : loaded 2 times (x 77B)
Class jdk.internal.jimage.ImageReader$SharedImageReader                               : loaded 2 times (x 97B)
Class org.gradle.internal.exceptions.NonGradleCauseExceptionsHolder                   : loaded 2 times (x 72B)
Class jdk.internal.jimage.ImageStrings                                                : loaded 2 times (x 72B)
Class org.gradle.tooling.model.eclipse.HierarchicalEclipseProject                     : loaded 2 times (x 72B)
Class kotlin.NotImplementedError                                                      : loaded 2 times (x 84B)
Class kotlin.enums.EnumEntriesKt                                                      : loaded 2 times (x 73B)
Class org.gradle.internal.exceptions.MultiCauseException                              : loaded 2 times (x 72B)
Class org.gradle.internal.time.CountdownTimer                                         : loaded 2 times (x 72B)
Class kotlin.jvm.internal.Intrinsics                                                  : loaded 2 times (x 73B)
Class jdk.internal.jrtfs.JrtFileSystem                                                : loaded 2 times (x 104B)
Class org.gradle.tooling.model.ProjectModel                                           : loaded 2 times (x 72B)
Class org.gradle.tooling.model.gradle.GradleBuild                                     : loaded 2 times (x 72B)
Class jdk.internal.jimage.decompressor.CompressedResourceHeader                       : loaded 2 times (x 73B)
Class kotlin.KotlinNullPointerException                                               : loaded 2 times (x 84B)
Class org.gradle.internal.exceptions.DefaultMultiCauseException                       : loaded 2 times (x 97B)
Class com.google.common.base.Preconditions                                            : loaded 2 times (x 73B)
Class org.gradle.tooling.model.HierarchicalElement                                    : loaded 2 times (x 72B)
Class com.google.common.collect.PeekingIterator                                       : loaded 2 times (x 72B)
Class org.gradle.internal.time.Time                                                   : loaded 2 times (x 73B)
Class ijInit1_2l42ij0m6akgsjmkikp9iz06h                                               : loaded 2 times (x 173B)
Class org.gradle.tooling.model.BuildIdentifier                                        : loaded 2 times (x 72B)
Class kotlin.NoWhenBranchMatchedException                                             : loaded 2 times (x 84B)
Class org.gradle.tooling.model.BuildableElement                                       : loaded 2 times (x 72B)
Class org.gradle.tooling.model.HasGradleProject                                       : loaded 2 times (x 72B)
Class org.gradle.internal.time.Timer                                                  : loaded 2 times (x 72B)
Class kotlin.jvm.internal.markers.KMappedMarker                                       : loaded 2 times (x 72B)
Class org.gradle.internal.installation.CurrentGradleInstallationLocator               : loaded 2 times (x 73B)
Class com.google.common.collect.ImmutableList                                         : loaded 2 times (x 208B)
Class org.gradle.tooling.model.idea.IdeaProject                                       : loaded 2 times (x 72B)
Class org.gradle.internal.service.DefaultServiceLocator                               : loaded 2 times (x 85B)
Class org.gradle.util.GradleVersion                                                   : loaded 2 times (x 83B)
Class org.gradle.internal.installation.CurrentGradleInstallation                      : loaded 2 times (x 75B)
Class org.gradle.tooling.model.gradle.ProjectPublications                             : loaded 2 times (x 72B)
Class org.gradle.util.internal.GUtil                                                  : loaded 2 times (x 73B)
Class com.google.common.collect.Iterators$MergingIterator                             : loaded 2 times (x 83B)
Class org.gradle.internal.installation.GradleInstallation                             : loaded 2 times (x 77B)
Class jdk.internal.jimage.decompressor.ResourceDecompressor$StringsProvider           : loaded 2 times (x 72B)

---------------  S Y S T E M  ---------------

OS:
 Windows 11 , 64 bit Build 26100 (10.0.26100.5074)
OS uptime: 0 days 12:06 hours
Hyper-V role detected

CPU: total 8 (initial active 8) (4 cores per cpu, 2 threads per core) family 6 model 140 stepping 1 microcode 0xb4, cx8, cmov, fxsr, ht, mmx, 3dnowpref, sse, sse2, sse3, ssse3, sse4.1, sse4.2, popcnt, lzcnt, tsc, tscinvbit, avx, avx2, aes, erms, clmul, bmi1, bmi2, adx, avx512f, avx512dq, avx512cd, avx512bw, avx512vl, sha, fma, vzeroupper, avx512_vpopcntdq, avx512_vpclmulqdq, avx512_vaes, avx512_vnni, clflush, clflushopt, clwb, avx512_vbmi2, avx512_vbmi, hv, rdtscp, rdpid, fsrm, gfni, avx512_bitalg, f16c, cet_ibt, cet_ss, avx512_ifma
Processor Information for processor 0
  Max Mhz: 2419, Current Mhz: 2419, Mhz Limit: 2419
Processor Information for processor 1
  Max Mhz: 2419, Current Mhz: 2419, Mhz Limit: 2419
Processor Information for processor 2
  Max Mhz: 2419, Current Mhz: 1007, Mhz Limit: 2419
Processor Information for processor 3
  Max Mhz: 2419, Current Mhz: 2419, Mhz Limit: 2419
Processor Information for processor 4
  Max Mhz: 2419, Current Mhz: 2419, Mhz Limit: 2419
Processor Information for processor 5
  Max Mhz: 2419, Current Mhz: 2419, Mhz Limit: 2419
Processor Information for processor 6
  Max Mhz: 2419, Current Mhz: 2419, Mhz Limit: 2419
Processor Information for processor 7
  Max Mhz: 2419, Current Mhz: 2419, Mhz Limit: 2419

Memory: 4k page, system-wide physical 7831M (603M free)
TotalPageFile size 13097M (AvailPageFile size 9M)
current process WorkingSet (physical memory assigned to process): 472M, peak: 475M
current process commit charge ("private bytes"): 527M, peak: 539M

vm_info: OpenJDK 64-Bit Server VM (25.0.2+-15348964-b329.117) for windows-amd64 JRE (25.0.2+-15348964-b329.117), built on 2026-05-05T18:25:19Z with MS VC++ 16.10 / 16.11 (VS2019)

END.
